X,142721195,142723826
15,79382807,79383980
X,139584886,139587868
7,155164294,155167511
13,79169714,79171679
21,38076709,38079615
X,103498585,103499842
13,88323607,88325384
15,89949617,89952904
21,34442257,34444584
13,95363811,95364993
13,112759355,112761184
13,108519213,108521062
X,30326496,30327819
2,1746647,1748876
13,102068432,102069296
7,158936508,158938060
21,28338836,28340304
21,27011462,27012878
X,21392324,21393898
4,4863282,4864625
4,4863282,4864625
15,79723997,79725642
X,101906035,101907254
15,92936678,92938502
1,111217194,111218282
X,136113605,136114207
15,84115811,84116151
19,57862410,57863057
19,56904901,56905152
19,58038573,58039253
4,5712581,5713100
4,5712581,5713100
15,83316223,83317526
X,66764893,66766506
13,103052362,103053652
4,779173,780336
4,779173,780336
4,5889332,5890631
4,5889332,5890631
19,58125438,58126053
19,56879554,56879994
19,58570419,58570995
13,78492922,78493229
21,32929871,32931732
15,93632617,93633408
13,96296708,96297224
3,196065106,196065357
X,119133700,119134684
4,5052795,5053596
4,5052795,5053596
15,83776023,83776769
4,9783059,9783398
2,467891,469105
13,110958977,110959668
19,58399865,58400574
13,93879303,93879769
13,96204669,96204917
X,68724602,68726029
X,140271029,140271604
1,110611218,110612474
13,103046499,103047225
19,57018933,57019279
5,54516487,54516879
7,155241490,155243417
X,6144633,6145771
19,58095424,58095659
X,85403122,85403899
X,74143801,74145250
21,42218551,42219221
X,137793665,137794215
21,36042170,36043191
13,112726482,112728349
X,101380291,101380608
X,119444705,119445399
5,54518667,54519307
4,4866047,4866800
4,4866047,4866800
X,105066357,105067038
7,156812806,156813602
15,88798582,88799707
7,157476443,157477308
4,6202091,6202609
4,6202091,6202609
13,114074394,114075034
13,100641317,100642106
13,110960177,110960563
21,34398085,34398226
X,136650951,136651907
X,11683125,11684104
13,100624130,100624293
X,74742810,74743480
4,4860026,4860439
4,4860026,4860439
13,113427327,113428172
13,78493305,78493590
X,114468127,114468833
21,22370237,22370864
X,107979401,107980132
X,8699941,8700409
15,78912387,78913481
13,107028903,107029443
X,144899415,144900458
19,57831544,57831684
X,133680446,133680665
19,58111307,58111769
X,13587603,13588301
7,155596996,155598018
13,112758379,112758625
19,58458769,58459139
13,95359162,95359974
21,31654844,31655822
X,133306010,133306916
15,83953690,83953780
3,194408516,194408965
2,945298,946127
13,112711380,112712009
20,982653,983104
20,982653,983104
15,83951913,83952722
15,93631578,93631991
13,92051154,92051786
5,50684985,50685716
4,6694923,6695380
4,6694923,6695380
21,45769977,45770390
X,113816090,113816304
4,7194519,7195466
4,7194519,7195466
21,31312091,31312643
4,6323954,6325013
4,6323954,6325013
19,58238600,58239012
21,38080526,38081193
X,124339462,124339995
13,93880583,93881110
X,71130538,71131703
1,110692996,110693985
X,110038954,110039192
13,102569538,102569894
13,112075959,112076036
13,88329680,88330614
X,122318339,122319025
X,106750120,106750612
15,83349264,83349722
X,54383906,54384964
X,120181294,120181504
21,38082613,38083149
19,56158851,56159485
13,78493651,78493704
2,4050719,4050845
7,155259524,155260474
21,44494722,44495223
13,95655083,95655579
4,5891833,5892208
4,5891833,5892208
7,155301917,155303298
7,155255122,155255369
7,155174991,155175340
7,158362729,158362966
X,48689942,48690473
X,147582520,147583279
4,657074,657842
4,657074,657842
X,110039472,110039604
13,88326244,88326918
13,112723034,112723581
X,101397143,101397678
21,43185385,43185884
12,132863782,132863983
15,85360319,85360691
15,89914466,89915212
15,83953864,83953929
X,21676344,21676605
15,88800510,88801004
19,58011241,58011345
19,57683687,57683885
12,133195061,133195520
X,139588600,139589424
13,112710428,112710823
X,150865927,150867161
4,5710372,5710411
4,5710372,5710411
1,110210699,110211023
7,155258253,155258915
13,112717207,112717707
13,113764225,113764871
13,107354631,107354993
X,75648802,75648992
1,110210265,110210641
13,111127601,111128102
15,81426534,81426669
13,100085073,100085455
X,12974205,12974819
4,4859772,4859985
4,4859772,4859985
15,84322277,84322591
X,124336658,124337026
13,112720171,112720427
3,193587490,193587939
8,494156,494721
19,57050359,57050620
X,123479823,123480304
4,4860547,4860590
4,4860547,4860590
13,95365509,95366050
4,1202653,1202696
4,1202653,1202696
X,139846499,139846881
4,4387697,4387879
4,4387697,4387879
4,5709858,5710319
4,5709858,5710319
15,89910632,89910860
19,58520847,58521273
15,83875537,83876098
19,57989099,57989182
13,95620874,95620997
X,51637845,51638041
X,150346131,150346599
19,56989102,56989812
7,157347704,157348266
4,4388505,4389115
4,4388505,4389115
X,102470074,102470643
19,58446600,58446758
13,111158814,111159111
15,89922071,89922345
21,38378406,38378634
12,132905819,132906443
5,54179305,54179570
X,3264695,3264728
X,100805516,100806034
20,623187,623421
20,623187,623421
X,136632433,136633004
X,136509076,136509643
X,152939154,152939483
X,140008844,140009459
X,100740275,100740535
3,194826411,194826585
4,4867102,4867424
4,4867102,4867424
13,112721325,112721725
X,150863180,150863704
15,80543408,80543685
2,1595498,1595933
X,151806628,151806923
4,2060112,2060313
4,2060112,2060313
19,57049695,57049857
21,44495495,44496012
15,96960331,96960725
20,690693,691098
20,690693,691098
21,34398532,34399361
2,1926724,1926907
15,89346269,89346795
13,103019936,103020405
15,101420636,101420989
X,50213528,50213745
15,97322838,97323132
13,102568502,102568886
7,155579830,155580322
21,32202010,32202284
13,79181285,79181613
21,38069950,38070148
X,140924742,140925367
13,114065669,114066074
X,103031450,103032137
8,495736,495817
X,130192134,130192160
21,31972533,31972913
13,105791890,105792346
4,7774510,7774950
4,7774510,7774950
19,57641846,57642143
13,106063138,106063172
21,19617439,19618088
4,6201080,6201536
4,6201080,6201536
15,83877070,83877135
X,136510091,136510760
X,92928508,92928610
X,103029964,103030978
4,1299155,1299514
4,1299155,1299514
X,55478814,55479357
X,149613662,149613745
13,109148553,109149171
15,89920824,89921156
X,152683499,152683703
3,196065506,196065569
X,63004884,63005366
4,6665672,6666009
4,6665672,6666009
19,57323840,57324295
21,38069321,38069416
7,158799715,158799777
X,107977374,107977758
13,79176272,79176608
3,197439242,197439334
X,67906181,67906442
X,138773906,138774239
X,124337761,124338173
X,137792814,137793096
12,132908418,132908739
13,95619884,95620306
5,50683215,50683378
19,57702772,57702803
21,32185331,32185576
X,110039269,110039369
15,89248474,89248893
X,120182714,120183084
5,50265272,50265600
7,155174129,155174508
X,153167851,153167905
21,32253760,32254161
13,93878969,93879022
X,51361383,51361547
4,1398798,1399235
4,1398798,1399235
21,43816086,43816355
5,54397821,54398555
4,5894923,5895098
4,5894923,5895098
13,112715454,112716025
7,158785291,158785768
X,141293131,141293344
X,55650979,55651284
21,28218789,28219387
X,140982278,140983037
X,51075797,51076330
2,554341,554372
15,92612836,92613280
X,122317614,122317633
15,78111196,78111830
X,119124509,119125040
15,91499626,91500193
X,72434554,72434720
4,8643957,8643968
4,8643957,8643968
7,157314300,157314735
X,89177498,89177512
13,112547341,112547459
X,119149186,119149500
7,158858498,158858630
X,113818410,113818537
13,108518419,108518621
19,57988860,57988964
X,25041099,25041258
X,130192365,130192734
13,100627341,100627703
X,130964846,130965143
X,51138790,51139066
3,194096808,194097221
5,57879402,57879443
20,1472264,1472914
20,1472264,1472914
8,337303,337566
15,84116920,84116935
4,1496293,1496334
4,1496293,1496334
4,1165267,1165751
4,1165267,1165751
13,77461335,77461368
20,708630,709094
20,708630,709094
1,110933248,110933767
15,89148597,89148699
X,30261225,30261568
X,119442971,119443387
21,22369485,22369908
X,149008828,149008905
15,83620910,83621006
7,156917534,156917762
13,91827286,91827600
13,114059771,114060319
7,154958558,154958976
13,112725605,112726058
X,139173571,139173965
4,1396306,1396593
4,1396306,1396593
7,157482215,157482508
5,54275155,54275198
21,37915044,37915091
2,1879874,1880012
15,81426347,81426360
X,102318867,102319088
X,107978480,107978897
21,31538995,31539057
20,644081,644302
20,644081,644302
X,82765457,82765734
12,132312702,132312744
20,1538353,1538366
20,1538353,1538366
15,88799973,88799999
21,38063872,38064699
X,70150787,70151117
X,12995592,12995746
2,1928442,1928480
1,111822043,111822068
15,84047906,84048104
13,100611036,100611308
13,112724270,112724583
19,58513526,58514022
4,4868723,4868908
4,4868723,4868908
5,56778651,56778977
X,108868271,108868465
13,101629969,101630201
4,8271507,8271792
4,8271507,8271792
19,56988778,56988813
1,111832109,111832267
X,3264864,3265089
2,946648,946999
15,93977844,93978246
X,103500137,103500636
X,125687720,125687856
X,152908205,152908309
15,79382548,79382708
7,154997174,154997361
3,195648538,195648562
4,1504481,1504542
4,1504481,1504542
X,142716024,142716477
15,96889416,96889464
X,69673642,69674126
X,99664089,99664292
21,38067741,38068043
21,38081695,38081976
X,150903211,150903247
7,155592263,155592408
X,136648249,136648553
X,145075914,145076186
X,26210523,26210529
X,125953844,125954246
1,110610452,110610899
15,81134479,81134497
X,31089464,31089692
13,95354741,95355117
19,57831816,57831819
X,124339093,124339119
X,138774368,138774601
13,78550373,78550384
13,96743492,96743583
13,96743754,96743895
4,7813791,7813911
4,7813791,7813911
X,30248436,30248557
4,819151,819227
4,819151,819227
X,151080481,151080620
X,51075530,51075582
15,98836248,98836379
X,152907540,152907546
15,83331441,83331452
4,5898879,5899040
4,5898879,5899040
13,96205184,96205295
X,45060415,45060544
21,44817305,44817420
13,100643312,100643388
7,157090031,157090146
X,144898689,144898803
21,31812603,31813075
20,207803,207858
20,207803,207858
15,97325725,97325761
21,44847606,44847608
12,132102188,132102188
21,34392203,34392373
15,82336761,82336869
21,32255112,32255313
21,28218481,28218596
19,57306631,57306640
13,91825341,91825667
7,155744359,155744544
X,109683484,109683490
3,194407750,194407860
13,112602415,112602492
5,50673808,50673965
X,102319998,102320380
X,99665948,99665951
2,1054787,1054860
1,111097901,111098150
X,110187555,110187600
2,2192072,2192366
13,112716623,112716728
4,8193310,8193353
4,8193310,8193353
12,132652459,132652473
21,46129392,46129620
X,51074202,51074224
4,7289482,7289497
4,7289482,7289497
X,136656575,136656581
5,50694888,50694985
2,1658190,1658233
15,83619037,83619523
2,418075,418573
X,104465526,104465788
7,157484559,157484647
1,110613072,110613397
15,89953033,89953295
X,55478180,55478329
13,112632730,112633175
X,152682625,152682946
X,133684884,133685325
X,107976167,107976214
X,26576402,26576430
X,139590383,139590479
X,39436529,39436753
15,87667171,87667390
13,112999748,113000032
X,107179321,107179415
21,31768311,31768319
4,6473881,6473964
4,6473881,6473964
X,6147113,6147159
7,155581411,155581623
X,12600986,12600990
4,1401409,1401729
4,1401409,1401729
X,71524766,71524953
2,1695316,1695357
13,79968216,79968324
15,100913842,100913934
15,80657823,80658049
X,23353417,23353620
15,78219273,78219423
2,568198,568321
13,112892641,112892884
X,16140373,16140434
3,195536485,195536520
X,89176658,89176791
7,157092682,157092982
X,130676918,130677363
7,155246964,155247170
X,75647436,75647595
X,65835804,65835992
13,111767899,111768023
21,33957846,33957957
4,1107585,1107706
4,1107585,1107706
13,84456171,84456258
15,83226219,83226580
4,570361,570361
4,570361,570361
19,58455018,58455407
4,3651471,3651471
4,3651471,3651471
15,99194474,99194624
19,57337469,57337648
X,144898901,144899069
7,158030626,158030726
19,55954276,55954621
20,327619,327623
20,327619,327623
X,51238781,51239014
2,794646,794683
X,19141093,19141251
4,7289723,7289858
4,7289723,7289858
X,39953435,39953550
X,151286548,151286698
13,100642451,100642487
X,137700748,137700841
13,98605951,98606196
15,80634135,80634195
19,57831849,57831909
X,10094051,10094247
13,111057782,111057782
X,133307853,133307957
4,2061804,2061923
4,2061804,2061923
15,96959633,96959977
13,84456410,84456486
21,34395317,34395548
13,103054743,103054752
2,1668936,1669072
X,36976052,36976075
13,112722233,112722333
13,111521981,111522222
X,25023963,25024314
21,38066918,38067101
2,1426674,1426845
X,92928711,92928730
4,6010075,6010164
4,6010075,6010164
13,112330930,112330954
X,130964695,130964707
X,36982033,36982194
4,4860655,4860698
4,4860655,4860698
X,49159887,49160041
13,111972919,111972954
X,105064008,105064204
8,328499,328586
19,58545122,58545149
2,4021757,4022242
13,112709256,112709480
7,155325815,155325960
X,15620103,15620240
12,133196028,133196273
4,8594514,8594549
4,8594514,8594549
13,79182095,79182205
X,113865129,113865353
X,103809991,103810166
X,136647760,136647793
X,67913573,67913607
7,157294357,157294388
X,91034003,91034390
3,197840760,197840782
21,31852504,31852793
13,102572229,102572300
X,124097806,124098009
4,1332618,1332964
4,1332618,1332964
7,156836773,156837017
19,55944864,55945009
2,1050773,1051107
21,32932073,32932267
13,97153748,97153748
7,155260895,155261034
13,100608123,100608263
13,100644041,100644217
13,112550380,112550454
21,34405553,34405681
5,55219224,55219492
2,1417153,1417164
21,15399653,15399683
4,7967275,7967393
4,7967275,7967393
19,58459283,58459358
X,50214465,50214473
21,46351920,46352084
X,91036807,91036888
X,142795088,142795419
2,3933739,3934010
X,99666219,99666346
19,57703301,57703364
X,51240021,51240059
X,66788089,66788098
5,55148493,55148534
13,106803653,106803653
13,111748020,111748083
13,113274490,113274535
13,102359110,102359110
13,106834942,106834942
4,1538525,1538525
4,1538525,1538525
5,55625247,55625247
13,92174072,92174072
15,99303869,99303869
13,94870787,94870787
13,111025711,111025711
13,102057990,102057990
X,145079517,145079517
13,93888067,93888067
13,79845094,79845094
13,102929516,102929516
13,96746650,96746650
2,2321788,2321788
13,92055237,92055237
20,1546019,1546019
20,1546019,1546019
13,94013507,94013507
19,56852136,56852136
X,144909347,144909347
21,32412191,32412191
X,129042628,129042628
X,145109374,145109374
19,57308239,57308239
13,95022023,95022023
X,147598391,147598391
X,23799775,23799775
X,150395248,150395248
15,83775850,83775850
13,102103051,102103051
13,107335632,107335632
15,80729093,80729093
13,102064942,102064942
4,5904897,5904897
4,5904897,5904897
13,100149311,100149311
13,77042327,77042327
13,103945151,103945151
13,107687552,107687552
13,94891445,94891445
X,4381263,4381263
X,145110794,145110794
13,81018323,81018323
15,78133639,78133639
13,93518730,93518730
13,103754324,103754324
13,112335776,112335776
13,103702677,103702677
X,52825220,52825220
13,73211779,73211779
X,6144121,6144121
21,41585021,41585021
13,102925517,102925517
13,109610256,109610256
X,150883777,150883777
20,983354,983354
20,983354,983354
13,112673923,112673923
21,33452218,33452218
X,5470075,5470075
X,147800037,147800037
13,92092881,92092881
13,93913765,93913765
13,94206647,94206647
21,32119309,32119309
13,106117425,106117425
X,152783792,152783792
X,8699141,8699141
13,110979651,110979651
X,74746072,74746072
X,144903125,144903125
21,28217060,28217060
21,31874502,31874502
21,31540204,31540204
19,57870634,57870634
13,94161642,94161642
X,110187179,110187179
X,140268700,140268700
21,15914403,15914403
13,94520094,94520094
X,142113827,142113827
X,110036810,110036810
3,193308169,193308169
5,52490060,52490060
15,99563030,99563030
21,42210827,42210827
19,58102673,58102673
13,112613543,112613543
X,37065901,37065901
X,147060612,147060612
13,93957638,93957638
4,4387917,4387917
4,4387917,4387917
21,27934499,27934499
21,38066047,38066047
2,2256402,2256402
X,113819977,113819977
19,58565865,58565865
13,101506070,101506070
2,2336428,2336428
13,110935325,110935325
13,113826554,113826554
20,1532543,1532543
20,1532543,1532543
13,93868767,93868767
13,94885861,94885861
21,32013856,32013856
13,73141877,73141877
X,101315561,101315561
X,137472688,137472688
13,108535144,108535144
12,131974252,131974252
21,32128800,32128800
21,39759139,39759139
X,101146494,101146494
X,37031028,37031028
21,28217676,28217676
13,72971591,72971591
X,134569362,134569362
21,22175001,22175001
X,151821766,151821766
X,21396746,21396746
4,7595397,7595397
4,7595397,7595397
13,107559229,107559229
15,89462418,89462418
7,155246474,155246474
X,75249222,75249222
13,82061961,82061961
X,135379037,135379037
15,90548037,90548037
19,57337294,57337294
21,28335945,28335945
X,110366476,110366476
X,76649101,76649101
15,84706833,84706833
X,47225852,47225852
X,26155148,26155148
13,83371464,83371464
X,141290567,141290567
13,94499653,94499653
13,110761577,110761577
13,106756690,106756690
7,155305911,155305911
13,106809125,106809125
X,135847852,135847852
12,132174431,132174431
13,74544655,74544655
13,102103930,102103930
X,113997530,113997530
X,70145544,70145544
X,136118853,136118853
13,89037260,89037260
13,91579373,91579373
8,481319,481319
19,58514497,58514497
X,142719333,142719333
13,81226644,81226644
13,92601293,92601293
13,94500648,94500648
20,825489,825489
20,825489,825489
5,56989227,56989227
19,58099109,58099109
19,56348742,56348742
13,107649044,107649044
13,91145493,91145493
X,135424318,135424318
X,144337589,144337589
13,81414986,81414986
X,74744538,74744538
13,91807638,91807638
X,147800736,147800736
20,1165206,1165206
20,1165206,1165206
X,13959695,13959695
21,38065524,38065524
13,75017602,75017602
20,584773,584773
20,584773,584773
15,86951099,86951099
3,197684729,197684729
1,110230545,110230545
X,77915772,77915772
19,57967606,57967606
13,94207303,94207303
21,31692465,31692465
21,22367346,22367346
X,151562912,151562912
13,95003984,95003984
13,95357743,95357743
4,5574315,5574315
4,5574315,5574315
4,5760808,5760808
4,5760808,5760808
X,91035267,91035267
21,32716090,32716090
13,111989685,111989685
5,54180079,54180079
20,207144,207144
20,207144,207144
19,58075118,58075118
4,6690702,6690702
4,6690702,6690702
15,89939509,89939509
4,6311034,6311034
4,6311034,6311034
X,21391817,21391817
X,134847724,134847724
21,31802169,31802169
19,58239222,58239222
19,57615256,57615256
X,136116359,136116359
13,112672200,112672200
13,94957721,94957721
X,30577300,30577300
X,110365847,110365847
X,125952256,125952256
X,150399990,150399990
4,5525710,5525710
4,5525710,5525710
13,107571965,107571965
15,84319908,84319908
2,3061128,3061128
4,10042449,10042449
4,4229061,4229061
4,4229061,4229061
21,41990060,41990060
X,105067311,105067311
X,138645497,138645497
2,2190278,2190278
X,147132289,147132289
15,90326828,90326828
13,95055638,95055638
19,57091383,57091383
13,94126074,94126074
19,57867032,57867032
19,57898729,57898729
13,77289721,77289721
5,57787167,57787167
X,101101217,101101217
15,79575048,79575048
21,19617138,19617138
21,22373039,22373039
15,87042642,87042642
12,133101168,133101168
X,139169879,139169879
X,8500975,8500975
X,138690622,138690622
X,105452427,105452427
5,56703039,56703039
13,103055487,103055487
X,151802723,151802723
21,27943730,27943730
15,79576216,79576216
X,24576369,24576369
X,63267928,63267928
X,144901807,144901807
4,569174,569174
4,569174,569174
X,150844888,150844888
12,132929737,132929737
15,83953068,83953068
4,4864902,4864902
4,4864902,4864902
13,109147921,109147921
7,156791845,156791845
X,19902129,19902129
19,58038065,58038065
X,109762184,109762184
X,103809062,103809062
2,1265617,1265617
13,92305086,92305086
13,97126731,97126731
13,110340692,110340692
X,140990738,140990738
X,108616697,108616697
15,91413236,91413236
X,64885399,64885399
X,123470509,123470509
7,157486012,157486012
X,36794119,36794119
13,111000343,111000343
X,153671027,153671027
X,106751450,106751450
19,57336314,57336314
15,93965042,93965042
15,96903559,96903559
21,41556496,41556496
X,68429807,68429807
21,39748803,39748803
X,151307730,151307730
15,95588018,95588018
15,95128247,95128247
X,74146242,74146242
13,95412246,95412246
X,74963322,74963322
X,51152273,51152273
5,54185940,54185940
7,157614399,157614399
X,151561584,151561584
7,158967052,158967052
5,54526536,54526536
X,140673351,140673351
X,113813553,113813553
X,150884331,150884331
X,136112268,136112268
X,12997273,12997273
13,95658809,95658809
19,56347847,56347847
15,93043867,93043867
21,30261524,30261524
X,48929987,48929987
20,1610358,1610358
13,102051019,102051019
4,683060,683060
4,683060,683060
19,58575066,58575066
20,1578550,1578550
15,93851183,93851183
13,95369785,95369785
X,152224686,152224686
5,53625860,53625860
13,85715101,85715101
2,2019937,2019937
13,95513506,95513506
15,99433225,99433225
13,94979759,94979759
X,139596703,139596703
X,12513550,12513550
X,85517184,85517184
X,150797951,150797951
X,50213977,50213977
15,89903565,89903565
X,115304403,115304403
13,103821520,103821520
13,78391713,78391713
7,156871234,156871234
21,31987978,31987978
4,1300163,1300163
4,1300163,1300163
21,27945125,27945125
4,5052526,5052526
4,5052526,5052526
X,65836683,65836683
13,103045230,103045230
1,111295745,111295745
7,155021692,155021692
X,113885574,113885574
13,112202929,112202929
15,92701885,92701885
13,93293174,93293174
13,93901973,93901973
X,150867810,150867810
X,25029629,25029629
8,492091,492091
X,84189001,84189001
15,83378895,83378895
X,92924956,92924956
13,106457767,106457767
X,120006555,120006555
13,92047408,92047408
4,656100,656100
4,656100,656100
X,64772618,64772618
15,87911464,87911464
X,133119028,133119028
19,58549711,58549711
X,30254216,30254216
X,148577025,148577025
13,107991871,107991871
X,68755799,68755799
X,40067148,40067148
X,91130234,91130234
15,87516203,87516203
2,3063115,3063115
13,94197318,94197318
15,93115885,93115885
5,55543927,55543927
13,113793489,113793489
X,108870738,108870738
15,96400610,96400610
X,153067618,153067618
4,8130202,8130202
4,8130202,8130202
21,19614112,19614112
5,54052513,54052513
13,84512421,84512421
X,74739430,74739430
7,156874860,156874860
21,34543051,34543051
13,74780742,74780742
X,71936863,71936863
X,36081090,36081090
X,30269258,30269258
13,108028239,108028239
4,9379166,9379166
4,9379166,9379166
13,100613240,100613240
13,113104975,113104975
15,83956766,83956766
21,17565263,17565263
X,13583772,13583772
X,101395217,101395217
15,97326893,97326893
X,12157040,12157040
X,114420262,114420262
12,132689907,132689907
13,108365238,108365238
15,83381070,83381070
19,56704341,56704341
15,84749130,84749130
15,84287328,84287328
5,51565997,51565997
13,82585793,82585793
13,111032155,111032155
13,112322273,112322273
7,155754630,155754630
13,112668130,112668130
15,95872552,95872552
X,137822398,137822398
15,92058845,92058845
2,1749076,1749076
X,35820968,35820968
X,144712518,144712518
19,56904580,56904580
X,139865953,139865953
2,3760481,3760481
13,110880172,110880172
5,57875838,57875838
3,197466583,197466583
X,140756646,140756646
X,140992417,140992417
21,46407004,46407004
13,104949913,104949913
X,125712831,125712831
13,72695062,72695062
19,58123307,58123307
20,981587,981587
20,981587,981587
13,77292011,77292011
13,112144901,112144901
X,11672048,11672048
13,95342972,95342972
X,71128586,71128586
19,58446312,58446312
3,195273304,195273304
X,107018431,107018431
2,287395,287395
4,4475538,4475538
4,4475538,4475538
21,40125580,40125580
4,2963264,2963264
4,2963264,2963264
X,51139247,51139247
X,103356134,103356134
15,93128681,93128681
12,132687376,132687376
X,22981385,22981385
19,58051563,58051563
5,55120322,55120322
13,78551078,78551078
19,57272621,57272621
15,100651510,100651510
13,72451660,72451660
X,6146608,6146608
X,153074551,153074551
1,111189871,111189871
21,27010160,27010160
21,42679822,42679822
2,1725761,1725761
2,499710,499710
2,3750952,3750952
4,8561110,8561110
4,8561110,8561110
X,137946672,137946672
13,103381760,103381760
13,102250369,102250369
2,1942814,1942814
21,10882029,10882029
X,118327940,118327940
4,4661952,4661952
4,4661952,4661952
13,102104573,102104573
15,80271218,80271218
X,145078200,145078200
X,103296301,103296301
1,110576933,110576933
13,111096339,111096339
13,78218779,78218779
15,95399279,95399279
X,29974011,29974011
7,155191845,155191845
X,153099097,153099097
15,88843899,88843899
2,2177531,2177531
21,19639479,19639479
X,134305728,134305728
13,113800351,113800351
13,74899532,74899532
15,83300338,83300338
19,56849724,56849724
X,119137553,119137553
19,58469897,58469897
X,103346747,103346747
13,79328636,79328636
12,132896939,132896939
12,133183142,133183142
X,33229454,33229454
4,659281,659281
4,659281,659281
4,5238459,5238459
4,5238459,5238459
X,48395055,48395055
2,3833816,3833816
15,88752391,88752391
20,1205357,1205357
20,1205357,1205357
13,74825252,74825252
13,109147317,109147317
13,74512598,74512598
Y,16942232,16942232
12,131945227,131945227
X,72664587,72664587
5,54406016,54406016
13,111719003,111719003
15,80938098,80938098
13,112575014,112575014
12,133193959,133193959
15,81823340,81823340
4,295862,295862
4,295862,295862
20,652263,652263
20,652263,652263
X,114058123,114058123
15,84612808,84612808
12,132152645,132152645
7,154705941,154705941
7,157485230,157485230
13,100649131,100649131
21,41515306,41515306
5,56773063,56773063
13,109270071,109270071
15,99186904,99186904
13,91444330,91444330
X,101112845,101112845
X,108717536,108717536
X,136135110,136135110
X,67915858,67915858
19,58223693,58223693
X,124332875,124332875
12,133121660,133121660
X,149009554,149009554
13,110832764,110832764
13,82245014,82245014
15,97319911,97319911
13,95410412,95410412
15,93704534,93704534
21,34755681,34755681
21,22175522,22175522
13,102067654,102067654
X,50212665,50212665
15,85361858,85361858
13,110885015,110885015
X,107514114,107514114
13,110802968,110802968
7,155970188,155970188
19,58459218,58459218
13,94288693,94288693
X,34965311,34965311
15,83952808,83952808
15,90578555,90578555
5,52598132,52598132
15,81840828,81840828
X,25030060,25030060
4,9371043,9371043
4,9371043,9371043
13,78495961,78495961
X,149396205,149396205
2,1418294,1418294
19,56007515,56007515
5,54409072,54409072
4,2860776,2860776
4,2860776,2860776
4,6695698,6695698
4,6695698,6695698
7,156868641,156868641
2,3889246,3889246
2,1093592,1093592
21,34396221,34396221
X,135863726,135863726
21,31799091,31799091
15,77876657,77876657
19,57274897,57274897
X,27765005,27765005
5,52749655,52749655
21,39437800,39437800
20,1471884,1471884
20,1471884,1471884
15,95889928,95889928
21,26735730,26735730
15,81734717,81734717
13,114304812,114304812
21,42222713,42222713
13,78410079,78410079
12,132893339,132893339
15,83241867,83241867
X,130217041,130217041
15,86685279,86685279
X,102000758,102000758
13,112705636,112705636
X,78002454,78002454
X,3030635,3030635
12,132696192,132696192
15,93959351,93959351
15,93956122,93956122
X,114422727,114422727
15,95305387,95305387
5,52536202,52536202
X,36975540,36975540
1,110741823,110741823
X,137794408,137794408
7,158945956,158945956
X,31889692,31889692
13,94822726,94822726
13,86268291,86268291
X,101804495,101804495
15,85886364,85886364
X,62979075,62979075
13,111090898,111090898
15,95869918,95869918
X,69269792,69269792
X,136508540,136508540
X,130210534,130210534
4,7651935,7651935
4,7651935,7651935
15,93616072,93616072
13,78234348,78234348
15,89634741,89634741
13,110961069,110961069
2,2189201,2189201
13,105758082,105758082
13,76957970,76957970
13,106971568,106971568
19,56393163,56393163
7,155584080,155584080
21,26732918,26732918
4,5028695,5028695
4,5028695,5028695
13,112176430,112176430
13,112885802,112885802
7,154704915,154704915
21,32716484,32716484
13,91855918,91855918
13,111981135,111981135
4,8271196,8271196
4,8271196,8271196
21,46128908,46128908
X,49083474,49083474
X,142122064,142122064
X,111874418,111874418
X,69282103,69282103
X,113873897,113873897
21,38085281,38085281
7,156815030,156815030
13,79161011,79161011
X,136652725,136652725
13,94493055,94493055
X,151286380,151286380
13,93943252,93943252
X,135850058,135850058
15,89921182,89921182
X,65825449,65825449
X,151562205,151562205
13,77030645,77030645
13,76016968,76016968
X,70387171,70387171
4,1556006,1556006
4,1556006,1556006
4,9534388,9534388
12,131996019,131996019
X,125295590,125295590
21,44104950,44104950
4,6030497,6030497
4,6030497,6030497
X,98999604,98999604
13,77511917,77511917
X,54526673,54526673
5,56894899,56894899
3,196377815,196377815
15,79932306,79932306
15,100879199,100879199
13,111100156,111100156
4,3664401,3664401
4,3664401,3664401
13,107904640,107904640
15,77314406,77314406
19,56250127,56250127
X,145077291,145077291
X,113627655,113627655
3,194752020,194752020
15,87455477,87455477
7,157180005,157180005
5,51339709,51339709
X,110335660,110335660
4,5135644,5135644
4,5135644,5135644
15,101912471,101912471
4,9917839,9917839
1,72302970,72302970
13,78467552,78467552
20,381142,381142
20,381142,381142
13,93472825,93472825
X,39958956,39958956
X,113818934,113818934
21,37258460,37258460
7,157481628,157481628
15,82555336,82555336
13,113104656,113104656
X,12597644,12597644
13,111077142,111077142
X,139173266,139173266
X,151810246,151810246
13,111100754,111100754
13,94422696,94422696
15,91639877,91639877
13,111097777,111097777
15,92431545,92431545
X,30264720,30264720
X,135632947,135632947
4,1398383,1398383
4,1398383,1398383
19,57046713,57046713
X,43518105,43518105
13,88078884,88078884
13,113030235,113030235
4,3691297,3691297
4,3691297,3691297
15,95821441,95821441
21,31661998,31661998
15,79505621,79505621
21,45705994,45705994
13,81432486,81432486
2,4051987,4051987
19,55815941,55815941
5,57484208,57484208
19,56220025,56220025
5,54428863,54428863
X,15877305,15877305
19,58450175,58450175
X,22291430,22291430
21,43300024,43300024
13,113765397,113765397
15,93814737,93814737
2,947515,947515
X,11679501,11679501
2,736154,736154
5,52786484,52786484
4,5991345,5991345
4,5991345,5991345
13,80623161,80623161
12,132870378,132870378
X,152691117,152691117
X,70148340,70148340
12,132929352,132929352
X,51149573,51149573
X,8699462,8699462
13,106116963,106116963
X,135570188,135570188
X,89176915,89176915
X,8698502,8698502
X,102602623,102602623
13,81537305,81537305
4,6110561,6110561
4,6110561,6110561
13,84456722,84456722
5,52699653,52699653
X,140269750,140269750
2,2771686,2771686
X,12604752,12604752
X,152228700,152228700
13,113689776,113689776
Y,4868996,4868996
15,83773136,83773136
X,34677877,34677877
13,112617069,112617069
7,157486718,157486718
13,74713082,74713082
X,150343148,150343148
X,119709530,119709530
13,110802645,110802645
X,150912076,150912076
X,49643431,49643431
13,101196636,101196636
X,149395007,149395007
X,51142212,51142212
12,132142067,132142067
4,7186138,7186138
4,7186138,7186138
4,10145483,10145483
1,111414364,111414364
12,131766931,131766931
X,152162841,152162841
X,50216175,50216175
15,96890051,96890051
X,105451070,105451070
2,2692854,2692854
2,628881,628881
7,157260021,157260021
X,2997097,2997097
4,1542424,1542424
4,1542424,1542424
X,136115991,136115991
21,28216559,28216559
X,110398983,110398983
5,54131694,54131694
X,125300084,125300084
13,110781544,110781544
X,134971334,134971334
21,32622078,32622078
4,5056767,5056767
4,5056767,5056767
13,103978230,103978230
2,620106,620106
X,139584049,139584049
15,86742911,86742911
X,58562406,58562406
21,42064902,42064902
20,640192,640192
20,640192,640192
1,110005494,110005494
13,112515103,112515103
13,112607846,112607846
1,111006966,111006966
X,152689318,152689318
X,57024196,57024196
4,6384165,6384165
4,6384165,6384165
15,91768905,91768905
2,3064023,3064023
4,8589313,8589313
4,8589313,8589313
19,57307081,57307081
X,130206946,130206946
15,92934441,92934441
19,56348216,56348216
19,58580237,58580237
X,133792282,133792282
4,3769468,3769468
4,3769468,3769468
X,63446044,63446044
7,157346614,157346614
21,15199826,15199826
8,354520,354520
X,53028582,53028582
7,159022291,159022291
15,89147786,89147786
X,103813150,103813150
X,49460408,49460408
X,18240404,18240404
4,4864833,4864833
4,4864833,4864833
15,97739602,97739602
13,111774082,111774082
X,19100990,19100990
13,102182112,102182112
15,93584963,93584963
13,110515444,110515444
12,132951155,132951155
7,155249019,155249019
12,132192278,132192278
21,31315999,31315999
X,140335783,140335783
X,152677200,152677200
1,110735112,110735112
X,3632422,3632422
13,112728932,112728932
X,151306094,151306094
19,57629092,57629092
21,11061822,11061822
2,1484125,1484125
13,97720348,97720348
4,4232220,4232220
4,4232220,4232220
X,152159208,152159208
15,98982463,98982463
15,80635225,80635225
X,152927170,152927170
2,928870,928870
21,31797932,31797932
5,52721293,52721293
4,5775318,5775318
4,5775318,5775318
15,85956922,85956922
X,152402356,152402356
X,144902062,144902062
13,108039519,108039519
12,131787828,131787828
2,444632,444632
X,135385255,135385255
4,265139,265139
4,265139,265139
13,91830940,91830940
5,54206061,54206061
X,135229186,135229186
13,96744161,96744161
13,113649513,113649513
13,113030783,113030783
19,58486600,58486600
X,147279853,147279853
X,68979753,68979753
4,1563747,1563747
4,1563747,1563747
15,82206091,82206091
X,76709434,76709434
2,3281036,3281036
X,118205446,118205446
21,31710627,31710627
X,6453787,6453787
X,37606012,37606012
2,1270354,1270354
7,158793845,158793845
21,15071306,15071306
15,93973921,93973921
X,39949685,39949685
13,110977981,110977981
8,528473,528473
13,111138063,111138063
15,97328778,97328778
X,152220506,152220506
3,195632915,195632915
3,193589937,193589937
15,90013532,90013532
15,84651795,84651795
21,33958411,33958411
X,21856948,21856948
21,31767222,31767222
X,149527141,149527141
13,110432220,110432220
X,153171699,153171699
X,146366330,146366330
15,93587978,93587978
X,3227459,3227459
15,83617937,83617937
13,77957445,77957445
15,96904912,96904912
X,139590116,139590116
13,80563028,80563028
4,7187328,7187328
4,7187328,7187328
13,111977473,111977473
13,112993502,112993502
X,71352617,71352617
21,45810508,45810508
21,34396665,34396665
X,90689603,90689603
X,103494417,103494417
13,112181244,112181244
13,95401855,95401855
13,78428203,78428203
X,12155999,12155999
X,133756545,133756545
7,157845265,157845265
2,2893142,2893142
X,123350813,123350813
X,51150443,51150443
15,76630095,76630095
21,45773294,45773294
15,93892667,93892667
4,6196378,6196378
4,6196378,6196378
7,156157689,156157689
15,88795689,88795689
X,140926409,140926409
19,55798418,55798418
19,57702994,57702994
X,150342651,150342651
X,54387730,54387730
7,155895608,155895608
4,5129810,5129810
4,5129810,5129810
19,56711667,56711667
21,45246441,45246441
X,51071657,51071657
5,56790874,56790874
X,103815487,103815487
4,6664463,6664463
4,6664463,6664463
13,107853066,107853066
15,88119539,88119539
8,312269,312269
12,132172421,132172421
X,142117264,142117264
19,57669719,57669719
19,57303997,57303997
X,140991592,140991592
2,983636,983636
X,106515818,106515818
5,55465762,55465762
15,96346592,96346592
X,123467232,123467232
X,153946773,153946773
7,157347375,157347375
4,1407989,1407989
4,1407989,1407989
13,113029350,113029350
X,23347058,23347058
X,136115393,136115393
4,8687955,8687955
4,8687955,8687955
X,150905602,150905602
X,103354340,103354340
15,94022195,94022195
13,112819420,112819420
13,113257158,113257158
X,140980959,140980959
19,56346628,56346628
4,1631517,1631517
4,1631517,1631517
X,119443941,119443941
15,93139398,93139398
X,102775697,102775697
13,106143737,106143737
13,85937730,85937730
X,102508853,102508853
13,96708764,96708764
4,5886898,5886898
4,5886898,5886898
19,55832610,55832610
X,154252341,154252341
4,7646087,7646087
4,7646087,7646087
13,112554681,112554681
X,113864447,113864447
13,112985463,112985463
4,10019009,10019009
13,111978350,111978350
5,55385250,55385250
2,1689803,1689803
7,157849744,157849744
13,114057070,114057070
X,152801503,152801503
1,111213827,111213827
13,84024017,84024017
X,39767775,39767775
4,6473057,6473057
4,6473057,6473057
13,111819481,111819481
X,138285393,138285393
13,112894616,112894616
X,79278012,79278012
21,33957290,33957290
X,24336335,24336335
13,108237965,108237965
4,1505838,1505838
4,1505838,1505838
X,104174302,104174302
15,84146864,84146864
1,111177829,111177829
2,1667404,1667404
X,79279581,79279581
13,107512136,107512136
15,84322946,84322946
2,212285,212285
4,3485263,3485263
4,3485263,3485263
X,52847274,52847274
X,153071026,153071026
15,96423622,96423622
2,394572,394572
5,54525925,54525925
12,132149724,132149724
13,107467865,107467865
21,38068660,38068660
15,101514156,101514156
13,100148404,100148404
21,36577539,36577539
4,5748162,5748162
4,5748162,5748162
12,132689151,132689151
19,56572945,56572945
2,1204376,1204376
13,111090742,111090742
19,56369522,56369522
X,135849165,135849165
20,1601704,1601704
2,1804642,1804642
X,8769701,8769701
19,56696870,56696870
20,123613,123613
20,123613,123613
15,79381867,79381867
21,39051406,39051406
5,55412572,55412572
2,430929,430929
12,132979486,132979486
2,2581557,2581557
X,12990209,12990209
7,158775112,158775112
4,3447665,3447665
4,3447665,3447665
4,7046407,7046407
4,7046407,7046407
21,15135580,15135580
19,58556430,58556430
13,112815119,112815119
X,11773466,11773466
5,52558413,52558413
5,50686281,50686281
X,11774340,11774340
8,39441473,39441473
15,80215042,80215042
15,83241300,83241300
5,57878295,57878295
13,78034091,78034091
15,93249643,93249643
X,133115985,133115985
7,159026609,159026609
13,81746461,81746461
X,54300963,54300963
X,66788286,66788286
2,1425319,1425319
7,157320516,157320516
21,43835592,43835592
2,198618,198618
15,97316699,97316699
7,156434403,156434403
X,119151773,119151773
5,55032952,55032952
X,137821411,137821411
15,79500886,79500886
X,106516174,106516174
2,875990,875990
21,37255384,37255384
X,25028057,25028057
13,112555823,112555823
15,89911317,89911317
21,42440661,42440661
19,55868789,55868789
2,493514,493514
13,112690569,112690569
X,3236105,3236105
15,95870262,95870262
15,80997087,80997087
7,158783017,158783017
19,57147547,57147547
4,6770554,6770554
4,6770554,6770554
X,151902143,151902143
19,55875605,55875605
2,501496,501496
19,57686660,57686660
15,101253502,101253502
X,23348969,23348969
20,237300,237300
20,237300,237300
4,10113794,10113794
13,93896820,93896820
21,43201904,43201904
X,135730241,135730241
13,110951418,110951418
19,55821550,55821550
2,4152243,4152243
X,153770418,153770418
7,157478510,157478510
15,100533202,100533202
21,17442467,17442467
X,110654829,110654829
5,56784195,56784195
5,55966061,55966061
X,74146608,74146608
15,82393236,82393236
X,57312549,57312549
5,55092708,55092708
2,1822412,1822412
X,103035890,103035890
2,1906949,1906949
X,52001608,52001608
4,1202861,1202861
4,1202861,1202861
2,3826631,3826631
4,1791567,1791567
4,1791567,1791567
21,32928345,32928345
12,132665437,132665437
X,68348597,68348597
X,27481558,27481558
X,55245320,55245320
5,56679194,56679194
12,132330505,132330505
X,2886295,2886295
4,6568049,6568049
4,6568049,6568049
15,84513792,84513792
X,12156437,12156437
21,32927013,32927013
5,50265767,50265767
13,112054947,112054947
X,140786627,140786627
4,1107495,1107495
4,1107495,1107495
X,8769528,8769528
5,57184384,57184384
13,112547999,112548065
13,112712635,112712795
4,1399938,1400189
4,1399938,1400189
X,153072605,153072706
15,83789735,83790129
X,2715017,2715058
3,194078147,194078242
13,110434467,110434682
X,104463622,104464033
21,36419478,36419648
21,34400072,34400211
21,40145361,40145404
13,112187343,112187396
13,95357042,95357223
X,82763239,82763247
X,37001209,37001669
X,107681397,107681469
21,44496378,44496743
X,153523851,153523873
13,78493282,78493294
21,31869431,31869491
7,157659434,157659455
20,1539641,1539702
20,1539641,1539702
X,118407645,118407852
X,105065721,105065796
X,53118015,53118080
7,157777033,157777149
21,31720835,31721029
X,55021561,55021626
X,102809791,102809882
21,29910411,29910762
X,100546064,100546291
4,5893789,5893789
4,5893789,5893789
13,112714024,112714024
X,73022045,73022045
X,73163626,73163626
13,112980676,112980676
13,107142673,107142673
X,109698667,109698667
12,131975791,131975791
1,111412880,111412880
X,135852617,135852617
13,78275055,78275055
7,155247711,155247711
5,57786449,57786449
15,80500594,80500594
13,112292610,112292610
5,54319373,54319373
13,83795968,83795968
X,32830005,32830005
12,132851518,132851518
7,156832367,156832367
15,93121689,93121689
13,100640914,100640914
X,136628604,136628604
1,111927153,111927153
15,78114888,78114888
13,112144769,112144769
19,56058710,56058710
13,110838187,110838187
X,69454387,69454387
X,120069108,120069108
15,93128777,93128777
1,112042332,112042332
21,26803075,26803075
13,112870385,112870385
19,56342665,56342665
13,109777891,109777891
2,2569880,2569880
4,4229810,4229810
4,4229810,4229810
X,118213543,118213543
20,1283388,1283388
20,1283388,1283388
4,7646859,7646859
4,7646859,7646859
X,7529982,7529982
4,8389808,8389808
4,8389808,8389808
13,75736246,75736246
3,193561005,193561005
X,6055110,6055110
4,6116698,6116698
4,6116698,6116698
15,81408453,81408453
X,82764385,82764385
15,77320787,77320787
7,157291868,157291868
4,298681,298681
4,298681,298681
15,93615146,93615146
4,8327406,8327406
4,8327406,8327406
15,93122918,93123126
15,99978986,99979059
21,42798594,42798747
4,3873884,3874006
4,3873884,3874006
7,155244101,155244149
4,5021203,5021236
4,5021203,5021236
X,136511135,136511413
20,1600641,1600705
15,96886238,96886397
15,89110025,89110499
21,42557616,42557641
X,71350942,71351314
13,100644473,100644507
13,100583767,100583847
13,107568814,107568872
X,101967081,101967085
7,154862157,154862441
4,1049782,1049922
4,1049782,1049922
13,95357832,95358092
1,111415781,111416181
4,3265280,3265763
4,3265280,3265763
21,45845112,45845341
13,79168370,79168573
4,905805,905918
4,905805,905918
X,136649489,136649808
13,112786612,112786727
13,112572450,112572559
X,103811930,103812042
2,629016,629022
7,155193226,155193250
21,31970928,31970997
4,4587217,4587217
4,4587217,4587217
21,34441330,34441330
13,112747087,112747087
13,97909916,97909916
X,13835568,13835568
X,152760493,152760493
5,50683614,50683614
21,31663266,31663266
19,57665723,57665723
13,112908450,112908450
15,79580198,79580198
X,102562302,102562302
X,75006266,75006266
15,97321851,97321851
X,47760424,47760424
X,136512132,136512132
X,153090536,153090536
X,55100096,55100096
X,66793272,66793272
19,56499348,56499348
15,88320395,88320395
5,49737178,49737182
X,79270180,79270225
13,110431612,110431691
12,132892417,132892613
12,133178249,133178316
21,34401201,34401634
19,56159817,56160065
4,4873263,4873442
4,4873263,4873442
15,89150842,89151201
X,99667214,99667223
X,25034625,25034688
X,147581919,147581936
15,93014416,93014435
15,91500814,91500893
15,96911165,96911531
X,103811315,103811660
X,138285540,138285828
2,365232,365531
1,111098247,111098273
1,111149153,111149307
13,79175210,79175611
X,134165954,134166009
4,8046547,8046793
4,8046547,8046793
X,75004943,75005028
X,47481995,47481995
X,153234476,153234476
2,2770105,2770105
X,5808230,5808230
X,78200041,78200041
15,92972514,92972514
13,79177195,79177467
4,7987330,7987530
4,7987330,7987530
13,75149963,75149963
12,132338736,132338736
X,107682766,107682766
13,74779339,74779339
15,96866073,96866073
13,112692119,112692119
13,95355869,95355869
5,54183619,54183619
X,22136551,22136551
13,100649800,100649800
19,56443824,56443824
3,193462506,193462506
3,194091192,194091192
4,4405844,4405844
4,4405844,4405844
4,8588870,8588870
4,8588870,8588870
2,2193511,2193511
15,91427605,91427605
5,52780901,52780901
X,149009913,149009913
21,46074616,46074616
7,157578631,157578631
4,6037687,6037687
4,6037687,6037687
X,23017980,23017980
X,150343712,150343712
2,3066520,3066520
X,129306129,129306129
13,113094247,113094247
X,107980358,107980358
15,89147360,89147360
21,34350407,34350407
21,14982350,14982350
4,302097,302097
4,302097,302097
5,53075687,53075687
X,150863969,150863969
X,136644065,136644065
X,119148071,119148071
12,131981225,131981225
15,92398112,92398112
X,108865686,108865686
21,35133653,35133653
4,8592328,8592328
4,8592328,8592328
15,81410853,81410853
4,942342,942342
4,942342,942342
13,100499713,100499713
X,105279680,105279680
X,26210302,26210302
2,1926535,1926535
15,81456832,81456832
X,151374946,151374946
4,106525,106525
4,106525,106525
X,39475737,39475737
21,36420164,36420164
2,1690740,1690740
7,155301734,155301734
X,70839284,70839284
12,132129001,132129001
4,2321957,2321957
4,2321957,2321957
21,29384327,29384327
21,27010696,27010696
13,95555104,95555104
X,70886827,70886827
5,55479377,55479377
X,119604500,119604500
19,57683164,57683164
21,15197291,15197291
X,103345622,103345622
13,95411394,95411394
13,100069110,100069110
X,114794648,114794648
21,31802829,31802829
15,96198806,96198806
15,93610780,93610780
7,157548939,157548939
13,74487535,74487535
X,102319340,102319340
13,112236854,112236854
X,140997122,140997122
13,111972886,111972886
4,5892965,5892965
4,5892965,5892965
4,2748026,2748026
4,2748026,2748026
X,39719657,39719657
13,95116571,95116571
15,79094603,79094603
2,434332,434332
X,125301098,125301098
X,2748039,2748039
15,95870409,95870409
X,7528959,7528959
X,129628872,129628872
15,82313720,82313720
4,471390,471390
4,471390,471390
X,115009194,115009194
19,56017564,56017564
19,57379813,57379813
12,132837524,132837679
21,45140424,45140831
4,2813724,2814064
4,2813724,2814064
4,4144710,4144783
4,4144710,4144783
13,77502558,77502805
X,100914838,100914848
15,99670731,99670731
19,51644625,51644625
X,103294320,103294320
7,157259285,157259285
X,54824559,54824559
13,84406289,84406289
15,89958550,89958550
13,78108374,78108374
21,31964676,31964676
5,52657514,52657514
15,96904404,96904404
15,93595923,93595923
X,152785722,152785722
X,118105739,118105739
X,130207287,130207287
X,144903661,144903661
X,103213786,103213786
3,197686510,197686510
7,155920287,155920287
13,100624855,100624855
X,151283154,151283154
21,35828503,35828503
X,49295370,49295370
X,95592962,95592962
4,8299814,8299814
4,8299814,8299814
5,57232025,57232025
7,157406096,157406096
X,103294452,103294452
7,156025802,156025802
X,39714465,39714465
19,56951840,56951840
2,1879380,1879380
13,101283034,101283034
15,79357037,79357037
7,154863381,154863381
X,102348005,102348005
2,4048824,4048824
4,3783460,3783460
4,3783460,3783460
3,196253611,196253611
5,52674472,52674472
13,111137257,111137257
21,31864143,31864143
15,92407388,92407388
X,134156561,134156561
X,44202777,44202777
21,19258310,19258310
X,153152165,153152165
X,103294786,103294786
X,64626582,64626582
15,82374456,82374456
2,1938415,1938415
2,778688,778688
5,50674203,50674203
15,98711013,98711013
13,98527743,98527743
4,125504,125504
4,125504,125504
13,77387018,77387018
15,99559956,99559956
X,69283055,69283055
21,45683302,45683302
15,96902800,96902800
2,857746,857746
15,82217218,82217218
X,144327920,144327920
13,78493958,78493958
13,99148667,99148667
13,111745172,111745172
13,112837467,112837467
15,99195143,99195143
21,45678137,45678137
1,110983728,110983728
1,110024289,110024289
4,1202930,1202930
4,1202930,1202930
X,128631361,128631361
15,93127379,93127379
2,392642,392642
2,495143,495143
4,3651233,3651233
4,3651233,3651233
13,112512462,112512462
13,113049747,113049747
X,19443222,19443222
7,157535296,157535296
13,114024480,114024480
X,63263531,63263531
15,89525620,89525620
X,30259354,30259354
X,51425528,51425528
2,618335,618335
4,3265080,3265080
4,3265080,3265080
13,98082992,98082992
X,139791651,139791651
X,137951089,137951089
X,63616811,63616811
7,158575756,158575934
1,110672912,110673082
X,139866657,139866657
4,7939940,7939940
4,7939940,7939940
15,88296044,88296044
4,8372758,8372758
4,8372758,8372758
X,18707777,18707777
X,123465263,123465263
4,204382,204382
4,204382,204382
X,78200921,78200921
X,153561283,153561283
X,150254157,150254157
15,89943625,89943625
X,75005102,75005102
12,132839436,132839436
21,40036490,40036490
13,78628464,78628464
4,5637894,5637894
4,5637894,5637894
13,112996967,112996967
4,3690945,3690945
4,3690945,3690945
X,150158593,150158593
21,34145549,34145549
13,76723380,76723380
13,99965936,99965936
15,94019180,94019180
12,133060217,133060217
X,103291721,103291721
21,32007639,32007639
X,43739887,43739887
13,112507773,112507773
X,71263427,71263427
15,97326567,97326567
X,49639720,49639720
19,57157114,57157114
X,21762904,21762904
13,114322874,114322874
X,55057838,55057838
13,112053714,112053714
12,131831956,131831956
4,1556595,1556595
4,1556595,1556595
X,103264980,103264980
12,133056941,133056941
X,5824743,5824743
X,130222888,130222888
X,149014061,149014061
13,110425835,110425835
X,48694012,48694012
X,138771271,138771271
13,77298665,77298665
4,6007279,6007279
4,6007279,6007279
4,6223581,6223581
4,6223581,6223581
19,57633694,57633694
7,154877217,154877217
13,113105962,113105962
X,70887583,70887583
21,29391771,29391771
15,96797664,96797664
15,93601497,93601497
15,79143574,79143574
4,3047190,3047190
4,3047190,3047190
X,82763706,82763706
5,50673588,50673588
5,52586721,52586721
X,41307114,41307114
7,157477846,157477846
3,197836971,197836971
4,788826,788826
4,788826,788826
X,151287089,151287089
15,96838120,96838120
2,925929,925929
21,42213698,42213698
12,132916034,132916034
X,77912605,77912605
19,58478689,58478689
4,7532607,7532607
4,7532607,7532607
4,1158069,1158069
4,1158069,1158069
15,93588328,93588328
X,153213140,153213140
4,4763753,4763753
4,4763753,4763753
13,112718952,112718952
5,54283267,54283267
2,1691184,1691184
X,136114890,136114890
X,48217075,48217075
4,124342,124342
4,124342,124342
2,1050113,1050113
13,100376969,100376969
4,571120,571120
4,571120,571120
15,95334933,95334933
X,67914130,67914130
13,112517408,112517408
5,56629471,56629471
13,100630316,100630316
X,45022008,45022008
13,112559707,112559707
X,152081948,152081948
15,89312795,89312795
2,585365,585365
15,89954659,89954659
X,149537921,149537921
7,157499673,157499673
X,133679994,133679994
4,3795063,3795063
4,3795063,3795063
15,80716846,80716846
15,77861673,77861673
X,151900081,151900081
X,82766491,82766491
2,906167,906167
4,995849,995849
4,995849,995849
13,84485659,84485659
21,34392851,34392851
15,96537958,96537958
X,111325495,111325495
2,906675,906675
X,151883293,151883293
Y,16635745,16635745
21,11109021,11109021
13,95360542,95360542
X,120183585,120183585
13,78168218,78168218
15,86336631,86336631
12,132980289,132980289
21,46126104,46126104
13,108487481,108487481
15,100886002,100886002
X,31087348,31087348
15,88576884,88576884
21,46352817,46352817
4,330651,330651
4,330651,330651
4,1032855,1032855
4,1032855,1032855
5,54448226,54448226
X,119382181,119382181
15,99288216,99288216
X,46437318,46437318
X,119863043,119863043
21,33452584,33452584
X,100804036,100804036
21,44816571,44816571
X,48165742,48165742
7,155326356,155326356
2,1940991,1940991
15,81073931,81073931
12,133181600,133181600
15,83348985,83348985
X,23797324,23797324
3,193964970,193964970
2,795478,795478
15,98937852,98937852
12,131919784,131919784
13,76344333,76344333
X,68350862,68350862
X,48687187,48687187
13,101766940,101766940
5,50695720,50695720
13,112903337,112903337
2,2650283,2650283
4,6072199,6072199
4,6072199,6072199
4,4873966,4873966
4,4873966,4873966
5,57878188,57878188
15,83951663,83951663
1,110976749,110976749
X,139006615,139006615
2,1544120,1544120
X,51153528,51153528
X,129253297,129253297
13,107354396,107354396
7,157933784,157933784
13,78493878,78493878
15,101887154,101887154
15,92941926,92941926
7,157644160,157644160
4,1397664,1397664
4,1397664,1397664
4,3873418,3873418
4,3873418,3873418
2,662602,662602
21,38075118,38075118
7,154698758,154698758
X,107172238,107172238
12,132356988,132356988
4,1504989,1504989
4,1504989,1504989
15,88521695,88521695
4,121568,121568
4,121568,121568
4,4385026,4385026
4,4385026,4385026
X,134929678,134929678
15,87807847,87807847
8,436693,436693
7,157616612,157616612
X,109763406,109763406
X,74148762,74148762
X,30323054,30323054
4,1202509,1202509
4,1202509,1202509
X,120122866,120122866
13,94427838,94427838
15,84320596,84320596
X,24666268,24666268
2,365090,365090
X,52009105,52009105
X,152400185,152400185
15,89386800,89386800
X,153240299,153240299
X,69397117,69397117
15,83515335,83515335
15,79090958,79090958
13,111152708,111152708
21,43237089,43237089
15,89942691,89942691
X,34962966,34962966
7,157296159,157296159
12,132661355,132661355
7,158859224,158859224
20,819058,819058
20,819058,819058
4,5458553,5458553
4,5458553,5458553
X,52685426,52685426
X,107182922,107182922
21,45344576,45344576
21,19616939,19616939
21,17441953,17441953
15,79574893,79574893
1,110523689,110523689
X,53031398,53031398
2,1203839,1203839
X,37029564,37029564
15,86686938,86686938
20,1377284,1377284
20,1377284,1377284
4,5896960,5896960
4,5896960,5896960
4,7394790,7394790
4,7394790,7394790
2,1478219,1478219
19,57375307,57375307
X,9320981,9320981
X,148550982,148550982
2,288785,288785
7,155970597,155970597
12,132963993,132963993
15,94427008,94427008
15,83954150,83954150
13,112288825,112288825
8,258777,258777
4,5570715,5570715
4,5570715,5570715
15,83383066,83383066
13,95623675,95623675
X,103498075,103498075
13,77283725,77283725
4,5624405,5624405
4,5624405,5624405
19,55874335,55874335
7,155252201,155252201
21,10888524,10888524
7,157514730,157514730
19,58545290,58545290
X,105066049,105066049
15,91427884,91427884
15,84323770,84323770
21,40034771,40034771
4,6251264,6251264
4,6251264,6251264
X,51148629,51148629
13,112908629,112908629
4,1050996,1050996
4,1050996,1050996
13,112620260,112620260
15,77289047,77289047
2,394333,394333
X,70836822,70836822
13,113301782,113301782
15,84048308,84048308
X,69396399,69396399
X,152062988,152062988
15,95870450,95870450
7,155261387,155261387
7,159025011,159025011
13,111644279,111644279
X,71363972,71363972
2,580802,580802
X,6451812,6451812
4,8601549,8601549
4,8601549,8601549
15,89149030,89149030
4,1508098,1508098
4,1508098,1508098
7,157292018,157292018
15,77933785,77933785
X,66763009,66763009
15,97320595,97320595
19,56511149,56511149
19,58446787,58446787
3,195241250,195241250
19,57175043,57175043
X,149736453,149736453
13,95132211,95132211
2,2188203,2188203
19,58552671,58552671
13,107314819,107314819
13,112191215,112191215
X,53112501,53112501
13,77091333,77091333
13,73636077,73636077
X,16607638,16607638
7,157261603,157261603
X,78003205,78003205
4,3563357,3563357
4,3563357,3563357
15,100347480,100347480
21,31914550,31914550
X,107799664,107799664
13,76444823,76444823
7,157691684,157691684
X,38117997,38117997
X,54387220,54387220
X,41582245,41582245
X,12158396,12158396
15,96383200,96383200
7,158789849,158789849
13,112352250,112352250
15,82182880,82182880
X,134142153,134142153
X,138664151,138664151
7,158819822,158819822
4,4763372,4763372
4,4763372,4763372
X,135863582,135863582
X,65042288,65042288
13,79756418,79756418
X,58560562,58560562
X,69480213,69480213
13,88328471,88328471
4,1496880,1496880
4,1496880,1496880
19,57745763,57745763
X,12996565,12996565
15,78632572,78632572
4,6114572,6114572
4,6114572,6114572
5,54058686,54058686
12,132856142,132856142
4,4869091,4869091
4,4869091,4869091
X,52005413,52005413
13,114321514,114321514
13,103054118,103054118
21,31811175,31811175
3,197807355,197807355
X,134166133,134166133
7,157669880,157669880
13,103047760,103047760
X,125715487,125715487
20,591151,591151
20,591151,591151
21,39289065,39289065
X,84497869,84497869
X,34150583,34150583
X,68524259,68524259
13,112574288,112574288
X,54521732,54521732
19,57702652,57702652
X,12884470,12884470
4,4389668,4389668
4,4389668,4389668
21,45845495,45845495
2,944690,944690
12,132312875,132312875
X,68001739,68001739
7,155195088,155195088
15,95287886,95287886
19,55898727,55898727
13,107869769,107869769
13,106263004,106263004
15,80770633,80770633
5,54467378,54467378
4,5928072,5928072
4,5928072,5928072
X,67903751,67903751
X,137789932,137789932
7,157468082,157468082
21,31859610,31859610
X,50028082,50028082
13,101086489,101086489
4,3768458,3768458
4,3768458,3768458
2,1497868,1497868
13,79307625,79307625
1,110179127,110179127
4,6235560,6235560
4,6235560,6235560
X,152913595,152913595
19,57751691,57751691
3,195995846,195995846
Y,4868397,4868397
21,15092941,15092941
19,58010513,58010513
13,112720565,112720565
13,112211299,112211299
X,118208915,118208915
13,111409394,111409394
15,99048945,99048945
2,3828566,3828566
7,158826888,158826888
21,38937316,38937316
15,83298692,83298692
X,84189578,84189578
13,78236645,78236645
15,77927305,77927305
15,77929666,77929666
5,57881537,57881537
3,194406190,194406190
2,2176774,2176774
19,56705497,56705497
12,132862057,132862057
13,99408201,99408201
X,139791021,139791021
X,36684037,36684037
7,157320135,157320135
X,100334897,100334897
4,1512248,1512248
4,1512248,1512248
13,110874267,110874267
7,158754523,158754523
X,109936239,109936239
15,80264770,80264770
15,86632956,86632956
X,102632072,102632072
X,146364725,146364725
X,3229472,3229472
X,102000905,102000905
1,110088541,110088541
X,130191821,130191821
19,57649797,57649797
13,94176949,94176949
15,97081353,97081353
19,57701430,57701430
X,100670855,100670855
X,11284932,11284932
19,58096559,58096559
15,82242305,82242305
X,99195948,99195948
7,158923808,158923808
15,79576060,79576060
15,97131047,97131047
X,13591311,13591311
X,7811760,7811760
13,109444752,109444752
X,136630705,136630705
2,817595,817595
X,129657974,129657974
X,63446644,63446644
X,44701980,44701980
X,103267926,103267926
15,99344807,99344807
4,4870486,4870486
4,4870486,4870486
13,111062247,111062247
X,106143406,106143406
X,19137976,19137976
X,100642128,100642128
13,111474347,111474347
3,195812701,195812701
X,100333950,100333950
5,54128677,54128677
4,299311,299311
4,299311,299311
Y,21239332,21239332
4,1203168,1203168
4,1203168,1203168
X,150345616,150345616
2,3748379,3748379
X,75005087,75005087
7,157095237,157095237
4,996052,996052
4,996052,996052
X,152779629,152779629
4,3180930,3180930
4,3180930,3180930
13,100627956,100627956
12,131849082,131849082
15,93616588,93616588
13,104003206,104003206
13,84452994,84452994
4,8359269,8359269
4,8359269,8359269
2,3836516,3836516
X,71497424,71497424
12,133052221,133052221
13,103719706,103719706
13,102072766,102072766
7,158947138,158947138
13,79161619,79161619
2,3832511,3832511
7,155900756,155900756
13,108867154,108867154
4,8271319,8271319
4,8271319,8271319
2,3012844,3012844
13,113774379,113774379
15,79526621,79526621
21,46327720,46327720
X,51453843,51453843
X,150861833,150861833
13,99127090,99127090
X,73025554,73025554
X,50027319,50027319
7,157529444,157529444
7,156872034,156872034
6,235035,235035
7,155915472,155915472
X,68724047,68724047
4,5976063,5976063
4,5976063,5976063
7,157605684,157605684
19,58516100,58516100
13,112721789,112721789
2,980050,980050
X,128660622,128660622
13,112336027,112336027
13,100092081,100092081
2,97530602,97530602
19,55798650,55798650
4,8022191,8022191
4,8022191,8022191
13,112729515,112729515
7,157405965,157405965
13,113313905,113313905
4,8081417,8081417
4,8081417,8081417
1,111851998,111851998
X,152909097,152909097
21,31654005,31654005
13,88464367,88464367
13,95131809,95131809
3,193840181,193840181
2,2585096,2585096
4,7710280,7710280
4,7710280,7710280
13,112624791,112624791
6,186671,186671
X,82762347,82762347
4,6034828,6034828
4,6034828,6034828
7,157260817,157260817
X,9001881,9001881
21,32128696,32128696
13,111773936,111773936
7,155794827,155794827
X,152590495,152590495
15,88360194,88360194
X,30252456,30252456
13,79177700,79177700
13,112904570,112904570
21,34543584,34543584
21,41238940,41238940
21,32253206,32253206
13,94792894,94792894
21,45846360,45846360
X,21670281,21670281
12,132972609,132972609
12,132921229,132921229
X,55249036,55249036
4,2307998,2307998
4,2307998,2307998
4,6717287,6717287
4,6717287,6717287
12,132928795,132928795
5,50677808,50677808
15,83926030,83926030
2,2012074,2012074
20,1514929,1514929
20,1514929,1514929
13,95363371,95363371
4,4335184,4335184
4,4335184,4335184
2,1482385,1482385
2,3826980,3826980
4,6199338,6199338
4,6199338,6199338
X,68833308,68833308
15,100516611,100516611
3,194117261,194117261
X,79686882,79686882
15,93361889,93361889
Y,3446859,3446859
X,139593505,139593505
X,129338226,129338226
15,101386265,101386265
7,157306340,157306340
X,117106802,117106802
X,114469591,114469591
4,205522,205522
4,205522,205522
X,151903194,151903194
15,95400067,95400067
19,57875295,57875295
