chrX,142721195,142723826
chr15,79382807,79383980
chrX,139584886,139587868
chr7,155164294,155167511
chr13,79169714,79171679
chr21,38076709,38079615
chrX,103498585,103499842
chr13,88323607,88325384
chr15,89949617,89952904
chr21,34442257,34444584
chr13,95363811,95364993
chr13,112759355,112761184
chr13,108519213,108521062
chrX,30326496,30327819
chr2,1746647,1748876
chr13,102068432,102069296
chr7,158936508,158938060
chr21,28338836,28340304
chr21,27011462,27012878
chrX,21392324,21393898
chr4,4863282,4864625
chr4,4863282,4864625
chr15,79723997,79725642
chrX,101906035,101907254
chr15,92936678,92938502
chr1,111217194,111218282
chrX,136113605,136114207
chr15,84115811,84116151
chr19,57862410,57863057
chr19,56904901,56905152
chr19,58038573,58039253
chr4,5712581,5713100
chr4,5712581,5713100
chr15,83316223,83317526
chrX,66764893,66766506
chr13,103052362,103053652
chr4,779173,780336
chr4,779173,780336
chr4,5889332,5890631
chr4,5889332,5890631
chr19,58125438,58126053
chr19,56879554,56879994
chr19,58570419,58570995
chr13,78492922,78493229
chr21,32929871,32931732
chr15,93632617,93633408
chr13,96296708,96297224
chr3,196065106,196065357
chrX,119133700,119134684
chr4,5052795,5053596
chr4,5052795,5053596
chr15,83776023,83776769
chr4,9783059,9783398
chr2,467891,469105
chr13,110958977,110959668
chr19,58399865,58400574
chr13,93879303,93879769
chr13,96204669,96204917
chrX,68724602,68726029
chrX,140271029,140271604
chr1,110611218,110612474
chr13,103046499,103047225
chr19,57018933,57019279
chr5,54516487,54516879
chr7,155241490,155243417
chrX,6144633,6145771
chr19,58095424,58095659
chrX,85403122,85403899
chrX,74143801,74145250
chr21,42218551,42219221
chrX,137793665,137794215
chr21,36042170,36043191
chr13,112726482,112728349
chrX,101380291,101380608
chrX,119444705,119445399
chr5,54518667,54519307
chr4,4866047,4866800
chr4,4866047,4866800
chrX,105066357,105067038
chr7,156812806,156813602
chr15,88798582,88799707
chr7,157476443,157477308
chr4,6202091,6202609
chr4,6202091,6202609
chr13,114074394,114075034
chr13,100641317,100642106
chr13,110960177,110960563
chr21,34398085,34398226
chrX,136650951,136651907
chrX,11683125,11684104
chr13,100624130,100624293
chrX,74742810,74743480
chr4,4860026,4860439
chr4,4860026,4860439
chr13,113427327,113428172
chr13,78493305,78493590
chrX,114468127,114468833
chr21,22370237,22370864
chrX,107979401,107980132
chrX,8699941,8700409
chr15,78912387,78913481
chr13,107028903,107029443
chrX,144899415,144900458
chr19,57831544,57831684
chrX,133680446,133680665
chr19,58111307,58111769
chrX,13587603,13588301
chr7,155596996,155598018
chr13,112758379,112758625
chr19,58458769,58459139
chr13,95359162,95359974
chr21,31654844,31655822
chrX,133306010,133306916
chr15,83953690,83953780
chr3,194408516,194408965
chr2,945298,946127
chr13,112711380,112712009
chr20,982653,983104
chr20,982653,983104
chr15,83951913,83952722
chr15,93631578,93631991
chr13,92051154,92051786
chr5,50684985,50685716
chr4,6694923,6695380
chr4,6694923,6695380
chr21,45769977,45770390
chrX,113816090,113816304
chr4,7194519,7195466
chr4,7194519,7195466
chr21,31312091,31312643
chr4,6323954,6325013
chr4,6323954,6325013
chr19,58238600,58239012
chr21,38080526,38081193
chrX,124339462,124339995
chr13,93880583,93881110
chrX,71130538,71131703
chr1,110692996,110693985
chrX,110038954,110039192
chr13,102569538,102569894
chr13,112075959,112076036
chr13,88329680,88330614
chrX,122318339,122319025
chrX,106750120,106750612
chr15,83349264,83349722
chrX,54383906,54384964
chrX,120181294,120181504
chr21,38082613,38083149
chr19,56158851,56159485
chr13,78493651,78493704
chr2,4050719,4050845
chr7,155259524,155260474
chr21,44494722,44495223
chr13,95655083,95655579
chr4,5891833,5892208
chr4,5891833,5892208
chr7,155301917,155303298
chr7,155255122,155255369
chr7,155174991,155175340
chr7,158362729,158362966
chrX,48689942,48690473
chrX,147582520,147583279
chr4,657074,657842
chr4,657074,657842
chrX,110039472,110039604
chr13,88326244,88326918
chr13,112723034,112723581
chrX,101397143,101397678
chr21,43185385,43185884
chr12,132863782,132863983
chr15,85360319,85360691
chr15,89914466,89915212
chr15,83953864,83953929
chrX,21676344,21676605
chr15,88800510,88801004
chr19,58011241,58011345
chr19,57683687,57683885
chr12,133195061,133195520
chrX,139588600,139589424
chr13,112710428,112710823
chrX,150865927,150867161
chr4,5710372,5710411
chr4,5710372,5710411
chr1,110210699,110211023
chr7,155258253,155258915
chr13,112717207,112717707
chr13,113764225,113764871
chr13,107354631,107354993
chrX,75648802,75648992
chr1,110210265,110210641
chr13,111127601,111128102
chr15,81426534,81426669
chr13,100085073,100085455
chrX,12974205,12974819
chr4,4859772,4859985
chr4,4859772,4859985
chr15,84322277,84322591
chrX,124336658,124337026
chr13,112720171,112720427
chr3,193587490,193587939
chr8,494156,494721
chr19,57050359,57050620
chrX,123479823,123480304
chr4,4860547,4860590
chr4,4860547,4860590
chr13,95365509,95366050
chr4,1202653,1202696
chr4,1202653,1202696
chrX,139846499,139846881
chr4,4387697,4387879
chr4,4387697,4387879
chr4,5709858,5710319
chr4,5709858,5710319
chr15,89910632,89910860
chr19,58520847,58521273
chr15,83875537,83876098
chr19,57989099,57989182
chr13,95620874,95620997
chrX,51637845,51638041
chrX,150346131,150346599
chr19,56989102,56989812
chr7,157347704,157348266
chr4,4388505,4389115
chr4,4388505,4389115
chrX,102470074,102470643
chr19,58446600,58446758
chr13,111158814,111159111
chr15,89922071,89922345
chr21,38378406,38378634
chr12,132905819,132906443
chr5,54179305,54179570
chrX,3264695,3264728
chrX,100805516,100806034
chr20,623187,623421
chr20,623187,623421
chrX,136632433,136633004
chrX,136509076,136509643
chrX,152939154,152939483
chrX,140008844,140009459
chrX,100740275,100740535
chr3,194826411,194826585
chr4,4867102,4867424
chr4,4867102,4867424
chr13,112721325,112721725
chrX,150863180,150863704
chr15,80543408,80543685
chr2,1595498,1595933
chrX,151806628,151806923
chr4,2060112,2060313
chr4,2060112,2060313
chr19,57049695,57049857
chr21,44495495,44496012
chr15,96960331,96960725
chr20,690693,691098
chr20,690693,691098
chr21,34398532,34399361
chr2,1926724,1926907
chr15,89346269,89346795
chr13,103019936,103020405
chr15,101420636,101420989
chrX,50213528,50213745
chr15,97322838,97323132
chr13,102568502,102568886
chr7,155579830,155580322
chr21,32202010,32202284
chr13,79181285,79181613
chr21,38069950,38070148
chrX,140924742,140925367
chr13,114065669,114066074
chrX,103031450,103032137
chr8,495736,495817
chrX,130192134,130192160
chr21,31972533,31972913
chr13,105791890,105792346
chr4,7774510,7774950
chr4,7774510,7774950
chr19,57641846,57642143
chr13,106063138,106063172
chr21,19617439,19618088
chr4,6201080,6201536
chr4,6201080,6201536
chr15,83877070,83877135
chrX,136510091,136510760
chrX,92928508,92928610
chrX,103029964,103030978
chr4,1299155,1299514
chr4,1299155,1299514
chrX,55478814,55479357
chrX,149613662,149613745
chr13,109148553,109149171
chr15,89920824,89921156
chrX,152683499,152683703
chr3,196065506,196065569
chrX,63004884,63005366
chr4,6665672,6666009
chr4,6665672,6666009
chr19,57323840,57324295
chr21,38069321,38069416
chr7,158799715,158799777
chrX,107977374,107977758
chr13,79176272,79176608
chr3,197439242,197439334
chrX,67906181,67906442
chrX,138773906,138774239
chrX,124337761,124338173
chrX,137792814,137793096
chr12,132908418,132908739
chr13,95619884,95620306
chr5,50683215,50683378
chr19,57702772,57702803
chr21,32185331,32185576
chrX,110039269,110039369
chr15,89248474,89248893
chrX,120182714,120183084
chr5,50265272,50265600
chr7,155174129,155174508
chrX,153167851,153167905
chr21,32253760,32254161
chr13,93878969,93879022
chrX,51361383,51361547
chr4,1398798,1399235
chr4,1398798,1399235
chr21,43816086,43816355
chr5,54397821,54398555
chr4,5894923,5895098
chr4,5894923,5895098
chr13,112715454,112716025
chr7,158785291,158785768
chrX,141293131,141293344
chrX,55650979,55651284
chr21,28218789,28219387
chrX,140982278,140983037
chrX,51075797,51076330
chr2,554341,554372
chr15,92612836,92613280
chrX,122317614,122317633
chr15,78111196,78111830
chrX,119124509,119125040
chr15,91499626,91500193
chrX,72434554,72434720
chr4,8643957,8643968
chr4,8643957,8643968
chr7,157314300,157314735
chrX,89177498,89177512
chr13,112547341,112547459
chrX,119149186,119149500
chr7,158858498,158858630
chrX,113818410,113818537
chr13,108518419,108518621
chr19,57988860,57988964
chrX,25041099,25041258
chrX,130192365,130192734
chr13,100627341,100627703
chrX,130964846,130965143
chrX,51138790,51139066
chr3,194096808,194097221
chr5,57879402,57879443
chr20,1472264,1472914
chr20,1472264,1472914
chr8,337303,337566
chr15,84116920,84116935
chr4,1496293,1496334
chr4,1496293,1496334
chr4,1165267,1165751
chr4,1165267,1165751
chr13,77461335,77461368
chr20,708630,709094
chr20,708630,709094
chr1,110933248,110933767
chr15,89148597,89148699
chrX,30261225,30261568
chrX,119442971,119443387
chr21,22369485,22369908
chrX,149008828,149008905
chr15,83620910,83621006
chr7,156917534,156917762
chr13,91827286,91827600
chr13,114059771,114060319
chr7,154958558,154958976
chr13,112725605,112726058
chrX,139173571,139173965
chr4,1396306,1396593
chr4,1396306,1396593
chr7,157482215,157482508
chr5,54275155,54275198
chr21,37915044,37915091
chr2,1879874,1880012
chr15,81426347,81426360
chrX,102318867,102319088
chrX,107978480,107978897
chr21,31538995,31539057
chr20,644081,644302
chr20,644081,644302
chrX,82765457,82765734
chr12,132312702,132312744
chr20,1538353,1538366
chr20,1538353,1538366
chr15,88799973,88799999
chr21,38063872,38064699
chrX,70150787,70151117
chrX,12995592,12995746
chr2,1928442,1928480
chr1,111822043,111822068
chr15,84047906,84048104
chr13,100611036,100611308
chr13,112724270,112724583
chr19,58513526,58514022
chr4,4868723,4868908
chr4,4868723,4868908
chr5,56778651,56778977
chrX,108868271,108868465
chr13,101629969,101630201
chr4,8271507,8271792
chr4,8271507,8271792
chr19,56988778,56988813
chr1,111832109,111832267
chrX,3264864,3265089
chr2,946648,946999
chr15,93977844,93978246
chrX,103500137,103500636
chrX,125687720,125687856
chrX,152908205,152908309
chr15,79382548,79382708
chr7,154997174,154997361
chr3,195648538,195648562
chr4,1504481,1504542
chr4,1504481,1504542
chrX,142716024,142716477
chr15,96889416,96889464
chrX,69673642,69674126
chrX,99664089,99664292
chr21,38067741,38068043
chr21,38081695,38081976
chrX,150903211,150903247
chr7,155592263,155592408
chrX,136648249,136648553
chrX,145075914,145076186
chrX,26210523,26210529
chrX,125953844,125954246
chr1,110610452,110610899
chr15,81134479,81134497
chrX,31089464,31089692
chr13,95354741,95355117
chr19,57831816,57831819
chrX,124339093,124339119
chrX,138774368,138774601
chr13,78550373,78550384
chr13,96743492,96743583
chr13,96743754,96743895
chr4,7813791,7813911
chr4,7813791,7813911
chrX,30248436,30248557
chr4,819151,819227
chr4,819151,819227
chrX,151080481,151080620
chrX,51075530,51075582
chr15,98836248,98836379
chrX,152907540,152907546
chr15,83331441,83331452
chr4,5898879,5899040
chr4,5898879,5899040
chr13,96205184,96205295
chrX,45060415,45060544
chr21,44817305,44817420
chr13,100643312,100643388
chr7,157090031,157090146
chrX,144898689,144898803
chr21,31812603,31813075
chr20,207803,207858
chr20,207803,207858
chr15,97325725,97325761
chr21,44847606,44847608
chr12,132102188,132102188
chr21,34392203,34392373
chr15,82336761,82336869
chr21,32255112,32255313
chr21,28218481,28218596
chr19,57306631,57306640
chr13,91825341,91825667
chr7,155744359,155744544
chrX,109683484,109683490
chr3,194407750,194407860
chr13,112602415,112602492
chr5,50673808,50673965
chrX,102319998,102320380
chrX,99665948,99665951
chr2,1054787,1054860
chr1,111097901,111098150
chrX,110187555,110187600
chr2,2192072,2192366
chr13,112716623,112716728
chr4,8193310,8193353
chr4,8193310,8193353
chr12,132652459,132652473
chr21,46129392,46129620
chrX,51074202,51074224
chr4,7289482,7289497
chr4,7289482,7289497
chrX,136656575,136656581
chr5,50694888,50694985
chr2,1658190,1658233
chr15,83619037,83619523
chr2,418075,418573
chrX,104465526,104465788
chr7,157484559,157484647
chr1,110613072,110613397
chr15,89953033,89953295
chrX,55478180,55478329
chr13,112632730,112633175
chrX,152682625,152682946
chrX,133684884,133685325
chrX,107976167,107976214
chrX,26576402,26576430
chrX,139590383,139590479
chrX,39436529,39436753
chr15,87667171,87667390
chr13,112999748,113000032
chrX,107179321,107179415
chr21,31768311,31768319
chr4,6473881,6473964
chr4,6473881,6473964
chrX,6147113,6147159
chr7,155581411,155581623
chrX,12600986,12600990
chr4,1401409,1401729
chr4,1401409,1401729
chrX,71524766,71524953
chr2,1695316,1695357
chr13,79968216,79968324
chr15,100913842,100913934
chr15,80657823,80658049
chrX,23353417,23353620
chr15,78219273,78219423
chr2,568198,568321
chr13,112892641,112892884
chrX,16140373,16140434
chr3,195536485,195536520
chrX,89176658,89176791
chr7,157092682,157092982
chrX,130676918,130677363
chr7,155246964,155247170
chrX,75647436,75647595
chrX,65835804,65835992
chr13,111767899,111768023
chr21,33957846,33957957
chr4,1107585,1107706
chr4,1107585,1107706
chr13,84456171,84456258
chr15,83226219,83226580
chr4,570361,570361
chr4,570361,570361
chr19,58455018,58455407
chr4,3651471,3651471
chr4,3651471,3651471
chr15,99194474,99194624
chr19,57337469,57337648
chrX,144898901,144899069
chr7,158030626,158030726
chr19,55954276,55954621
chr20,327619,327623
chr20,327619,327623
chrX,51238781,51239014
chr2,794646,794683
chrX,19141093,19141251
chr4,7289723,7289858
chr4,7289723,7289858
chrX,39953435,39953550
chrX,151286548,151286698
chr13,100642451,100642487
chrX,137700748,137700841
chr13,98605951,98606196
chr15,80634135,80634195
chr19,57831849,57831909
chrX,10094051,10094247
chr13,111057782,111057782
chrX,133307853,133307957
chr4,2061804,2061923
chr4,2061804,2061923
chr15,96959633,96959977
chr13,84456410,84456486
chr21,34395317,34395548
chr13,103054743,103054752
chr2,1668936,1669072
chrX,36976052,36976075
chr13,112722233,112722333
chr13,111521981,111522222
chrX,25023963,25024314
chr21,38066918,38067101
chr2,1426674,1426845
chrX,92928711,92928730
chr4,6010075,6010164
chr4,6010075,6010164
chr13,112330930,112330954
chrX,130964695,130964707
chrX,36982033,36982194
chr4,4860655,4860698
chr4,4860655,4860698
chrX,49159887,49160041
chr13,111972919,111972954
chrX,105064008,105064204
chr8,328499,328586
chr19,58545122,58545149
chr2,4021757,4022242
chr13,112709256,112709480
chr7,155325815,155325960
chrX,15620103,15620240
chr12,133196028,133196273
chr4,8594514,8594549
chr4,8594514,8594549
chr13,79182095,79182205
chrX,113865129,113865353
chrX,103809991,103810166
chrX,136647760,136647793
chrX,67913573,67913607
chr7,157294357,157294388
chrX,91034003,91034390
chr3,197840760,197840782
chr21,31852504,31852793
chr13,102572229,102572300
chrX,124097806,124098009
chr4,1332618,1332964
chr4,1332618,1332964
chr7,156836773,156837017
chr19,55944864,55945009
chr2,1050773,1051107
chr21,32932073,32932267
chr13,97153748,97153748
chr7,155260895,155261034
chr13,100608123,100608263
chr13,100644041,100644217
chr13,112550380,112550454
chr21,34405553,34405681
chr5,55219224,55219492
chr2,1417153,1417164
chr21,15399653,15399683
chr4,7967275,7967393
chr4,7967275,7967393
chr19,58459283,58459358
chrX,50214465,50214473
chr21,46351920,46352084
chrX,91036807,91036888
chrX,142795088,142795419
chr2,3933739,3934010
chrX,99666219,99666346
chr19,57703301,57703364
chrX,51240021,51240059
chrX,66788089,66788098
chr5,55148493,55148534
chr13,106803653,106803653
chr13,111748020,111748083
chr13,113274490,113274535
chr13,102359110,102359110
chr13,106834942,106834942
chr4,1538525,1538525
chr4,1538525,1538525
chr5,55625247,55625247
chr13,92174072,92174072
chr15,99303869,99303869
chr13,94870787,94870787
chr13,111025711,111025711
chr13,102057990,102057990
chrX,145079517,145079517
chr13,93888067,93888067
chr13,79845094,79845094
chr13,102929516,102929516
chr13,96746650,96746650
chr2,2321788,2321788
chr13,92055237,92055237
chr20,1546019,1546019
chr20,1546019,1546019
chr13,94013507,94013507
chr19,56852136,56852136
chrX,144909347,144909347
chr21,32412191,32412191
chrX,129042628,129042628
chrX,145109374,145109374
chr19,57308239,57308239
chr13,95022023,95022023
chrX,147598391,147598391
chrX,23799775,23799775
chrX,150395248,150395248
chr15,83775850,83775850
chr13,102103051,102103051
chr13,107335632,107335632
chr15,80729093,80729093
chr13,102064942,102064942
chr4,5904897,5904897
chr4,5904897,5904897
chr13,100149311,100149311
chr13,77042327,77042327
chr13,103945151,103945151
chr13,107687552,107687552
chr13,94891445,94891445
chrX,4381263,4381263
chrX,145110794,145110794
chr13,81018323,81018323
chr15,78133639,78133639
chr13,93518730,93518730
chr13,103754324,103754324
chr13,112335776,112335776
chr13,103702677,103702677
chrX,52825220,52825220
chr13,73211779,73211779
chrX,6144121,6144121
chr21,41585021,41585021
chr13,102925517,102925517
chr13,109610256,109610256
chrX,150883777,150883777
chr20,983354,983354
chr20,983354,983354
chr13,112673923,112673923
chr21,33452218,33452218
chrX,5470075,5470075
chrX,147800037,147800037
chr13,92092881,92092881
chr13,93913765,93913765
chr13,94206647,94206647
chr21,32119309,32119309
chr13,106117425,106117425
chrX,152783792,152783792
chrX,8699141,8699141
chr13,110979651,110979651
chrX,74746072,74746072
chrX,144903125,144903125
chr21,28217060,28217060
chr21,31874502,31874502
chr21,31540204,31540204
chr19,57870634,57870634
chr13,94161642,94161642
chrX,110187179,110187179
chrX,140268700,140268700
chr21,15914403,15914403
chr13,94520094,94520094
chrX,142113827,142113827
chrX,110036810,110036810
chr3,193308169,193308169
chr5,52490060,52490060
chr15,99563030,99563030
chr21,42210827,42210827
chr19,58102673,58102673
chr13,112613543,112613543
chrX,37065901,37065901
chrX,147060612,147060612
chr13,93957638,93957638
chr4,4387917,4387917
chr4,4387917,4387917
chr21,27934499,27934499
chr21,38066047,38066047
chr2,2256402,2256402
chrX,113819977,113819977
chr19,58565865,58565865
chr13,101506070,101506070
chr2,2336428,2336428
chr13,110935325,110935325
chr13,113826554,113826554
chr20,1532543,1532543
chr20,1532543,1532543
chr13,93868767,93868767
chr13,94885861,94885861
chr21,32013856,32013856
chr13,73141877,73141877
chrX,101315561,101315561
chrX,137472688,137472688
chr13,108535144,108535144
chr12,131974252,131974252
chr21,32128800,32128800
chr21,39759139,39759139
chrX,101146494,101146494
chrX,37031028,37031028
chr21,28217676,28217676
chr13,72971591,72971591
chrX,134569362,134569362
chr21,22175001,22175001
chrX,151821766,151821766
chrX,21396746,21396746
chr4,7595397,7595397
chr4,7595397,7595397
chr13,107559229,107559229
chr15,89462418,89462418
chr7,155246474,155246474
chrX,75249222,75249222
chr13,82061961,82061961
chrX,135379037,135379037
chr15,90548037,90548037
chr19,57337294,57337294
chr21,28335945,28335945
chrX,110366476,110366476
chrX,76649101,76649101
chr15,84706833,84706833
chrX,47225852,47225852
chrX,26155148,26155148
chr13,83371464,83371464
chrX,141290567,141290567
chr13,94499653,94499653
chr13,110761577,110761577
chr13,106756690,106756690
chr7,155305911,155305911
chr13,106809125,106809125
chrX,135847852,135847852
chr12,132174431,132174431
chr13,74544655,74544655
chr13,102103930,102103930
chrX,113997530,113997530
chrX,70145544,70145544
chrX,136118853,136118853
chr13,89037260,89037260
chr13,91579373,91579373
chr8,481319,481319
chr19,58514497,58514497
chrX,142719333,142719333
chr13,81226644,81226644
chr13,92601293,92601293
chr13,94500648,94500648
chr20,825489,825489
chr20,825489,825489
chr5,56989227,56989227
chr19,58099109,58099109
chr19,56348742,56348742
chr13,107649044,107649044
chr13,91145493,91145493
chrX,135424318,135424318
chrX,144337589,144337589
chr13,81414986,81414986
chrX,74744538,74744538
chr13,91807638,91807638
chrX,147800736,147800736
chr20,1165206,1165206
chr20,1165206,1165206
chrX,13959695,13959695
chr21,38065524,38065524
chr13,75017602,75017602
chr20,584773,584773
chr20,584773,584773
chr15,86951099,86951099
chr3,197684729,197684729
chr1,110230545,110230545
chrX,77915772,77915772
chr19,57967606,57967606
chr13,94207303,94207303
chr21,31692465,31692465
chr21,22367346,22367346
chrX,151562912,151562912
chr13,95003984,95003984
chr13,95357743,95357743
chr4,5574315,5574315
chr4,5574315,5574315
chr4,5760808,5760808
chr4,5760808,5760808
chrX,91035267,91035267
chr21,32716090,32716090
chr13,111989685,111989685
chr5,54180079,54180079
chr20,207144,207144
chr20,207144,207144
chr19,58075118,58075118
chr4,6690702,6690702
chr4,6690702,6690702
chr15,89939509,89939509
chr4,6311034,6311034
chr4,6311034,6311034
chrX,21391817,21391817
chrX,134847724,134847724
chr21,31802169,31802169
chr19,58239222,58239222
chr19,57615256,57615256
chrX,136116359,136116359
chr13,112672200,112672200
chr13,94957721,94957721
chrX,30577300,30577300
chrX,110365847,110365847
chrX,125952256,125952256
chrX,150399990,150399990
chr4,5525710,5525710
chr4,5525710,5525710
chr13,107571965,107571965
chr15,84319908,84319908
chr2,3061128,3061128
chr4,10042449,10042449
chr4,4229061,4229061
chr4,4229061,4229061
chr21,41990060,41990060
chrX,105067311,105067311
chrX,138645497,138645497
chr2,2190278,2190278
chrX,147132289,147132289
chr15,90326828,90326828
chr13,95055638,95055638
chr19,57091383,57091383
chr13,94126074,94126074
chr19,57867032,57867032
chr19,57898729,57898729
chr13,77289721,77289721
chr5,57787167,57787167
chrX,101101217,101101217
chr15,79575048,79575048
chr21,19617138,19617138
chr21,22373039,22373039
chr15,87042642,87042642
chr12,133101168,133101168
chrX,139169879,139169879
chrX,8500975,8500975
chrX,138690622,138690622
chrX,105452427,105452427
chr5,56703039,56703039
chr13,103055487,103055487
chrX,151802723,151802723
chr21,27943730,27943730
chr15,79576216,79576216
chrX,24576369,24576369
chrX,63267928,63267928
chrX,144901807,144901807
chr4,569174,569174
chr4,569174,569174
chrX,150844888,150844888
chr12,132929737,132929737
chr15,83953068,83953068
chr4,4864902,4864902
chr4,4864902,4864902
chr13,109147921,109147921
chr7,156791845,156791845
chrX,19902129,19902129
chr19,58038065,58038065
chrX,109762184,109762184
chrX,103809062,103809062
chr2,1265617,1265617
chr13,92305086,92305086
chr13,97126731,97126731
chr13,110340692,110340692
chrX,140990738,140990738
chrX,108616697,108616697
chr15,91413236,91413236
chrX,64885399,64885399
chrX,123470509,123470509
chr7,157486012,157486012
chrX,36794119,36794119
chr13,111000343,111000343
chrX,153671027,153671027
chrX,106751450,106751450
chr19,57336314,57336314
chr15,93965042,93965042
chr15,96903559,96903559
chr21,41556496,41556496
chrX,68429807,68429807
chr21,39748803,39748803
chrX,151307730,151307730
chr15,95588018,95588018
chr15,95128247,95128247
chrX,74146242,74146242
chr13,95412246,95412246
chrX,74963322,74963322
chrX,51152273,51152273
chr5,54185940,54185940
chr7,157614399,157614399
chrX,151561584,151561584
chr7,158967052,158967052
chr5,54526536,54526536
chrX,140673351,140673351
chrX,113813553,113813553
chrX,150884331,150884331
chrX,136112268,136112268
chrX,12997273,12997273
chr13,95658809,95658809
chr19,56347847,56347847
chr15,93043867,93043867
chr21,30261524,30261524
chrX,48929987,48929987
chr20,1610358,1610358
chr13,102051019,102051019
chr4,683060,683060
chr4,683060,683060
chr19,58575066,58575066
chr20,1578550,1578550
chr15,93851183,93851183
chr13,95369785,95369785
chrX,152224686,152224686
chr5,53625860,53625860
chr13,85715101,85715101
chr2,2019937,2019937
chr13,95513506,95513506
chr15,99433225,99433225
chr13,94979759,94979759
chrX,139596703,139596703
chrX,12513550,12513550
chrX,85517184,85517184
chrX,150797951,150797951
chrX,50213977,50213977
chr15,89903565,89903565
chrX,115304403,115304403
chr13,103821520,103821520
chr13,78391713,78391713
chr7,156871234,156871234
chr21,31987978,31987978
chr4,1300163,1300163
chr4,1300163,1300163
chr21,27945125,27945125
chr4,5052526,5052526
chr4,5052526,5052526
chrX,65836683,65836683
chr13,103045230,103045230
chr1,111295745,111295745
chr7,155021692,155021692
chrX,113885574,113885574
chr13,112202929,112202929
chr15,92701885,92701885
chr13,93293174,93293174
chr13,93901973,93901973
chrX,150867810,150867810
chrX,25029629,25029629
chr8,492091,492091
chrX,84189001,84189001
chr15,83378895,83378895
chrX,92924956,92924956
chr13,106457767,106457767
chrX,120006555,120006555
chr13,92047408,92047408
chr4,656100,656100
chr4,656100,656100
chrX,64772618,64772618
chr15,87911464,87911464
chrX,133119028,133119028
chr19,58549711,58549711
chrX,30254216,30254216
chrX,148577025,148577025
chr13,107991871,107991871
chrX,68755799,68755799
chrX,40067148,40067148
chrX,91130234,91130234
chr15,87516203,87516203
chr2,3063115,3063115
chr13,94197318,94197318
chr15,93115885,93115885
chr5,55543927,55543927
chr13,113793489,113793489
chrX,108870738,108870738
chr15,96400610,96400610
chrX,153067618,153067618
chr4,8130202,8130202
chr4,8130202,8130202
chr21,19614112,19614112
chr5,54052513,54052513
chr13,84512421,84512421
chrX,74739430,74739430
chr7,156874860,156874860
chr21,34543051,34543051
chr13,74780742,74780742
chrX,71936863,71936863
chrX,36081090,36081090
chrX,30269258,30269258
chr13,108028239,108028239
chr4,9379166,9379166
chr4,9379166,9379166
chr13,100613240,100613240
chr13,113104975,113104975
chr15,83956766,83956766
chr21,17565263,17565263
chrX,13583772,13583772
chrX,101395217,101395217
chr15,97326893,97326893
chrX,12157040,12157040
chrX,114420262,114420262
chr12,132689907,132689907
chr13,108365238,108365238
chr15,83381070,83381070
chr19,56704341,56704341
chr15,84749130,84749130
chr15,84287328,84287328
chr5,51565997,51565997
chr13,82585793,82585793
chr13,111032155,111032155
chr13,112322273,112322273
chr7,155754630,155754630
chr13,112668130,112668130
chr15,95872552,95872552
chrX,137822398,137822398
chr15,92058845,92058845
chr2,1749076,1749076
chrX,35820968,35820968
chrX,144712518,144712518
chr19,56904580,56904580
chrX,139865953,139865953
chr2,3760481,3760481
chr13,110880172,110880172
chr5,57875838,57875838
chr3,197466583,197466583
chrX,140756646,140756646
chrX,140992417,140992417
chr21,46407004,46407004
chr13,104949913,104949913
chrX,125712831,125712831
chr13,72695062,72695062
chr19,58123307,58123307
chr20,981587,981587
chr20,981587,981587
chr13,77292011,77292011
chr13,112144901,112144901
chrX,11672048,11672048
chr13,95342972,95342972
chrX,71128586,71128586
chr19,58446312,58446312
chr3,195273304,195273304
chrX,107018431,107018431
chr2,287395,287395
chr4,4475538,4475538
chr4,4475538,4475538
chr21,40125580,40125580
chr4,2963264,2963264
chr4,2963264,2963264
chrX,51139247,51139247
chrX,103356134,103356134
chr15,93128681,93128681
chr12,132687376,132687376
chrX,22981385,22981385
chr19,58051563,58051563
chr5,55120322,55120322
chr13,78551078,78551078
chr19,57272621,57272621
chr15,100651510,100651510
chr13,72451660,72451660
chrX,6146608,6146608
chrX,153074551,153074551
chr1,111189871,111189871
chr21,27010160,27010160
chr21,42679822,42679822
chr2,1725761,1725761
chr2,499710,499710
chr2,3750952,3750952
chr4,8561110,8561110
chr4,8561110,8561110
chrX,137946672,137946672
chr13,103381760,103381760
chr13,102250369,102250369
chr2,1942814,1942814
chr21,10882029,10882029
chrX,118327940,118327940
chr4,4661952,4661952
chr4,4661952,4661952
chr13,102104573,102104573
chr15,80271218,80271218
chrX,145078200,145078200
chrX,103296301,103296301
chr1,110576933,110576933
chr13,111096339,111096339
chr13,78218779,78218779
chr15,95399279,95399279
chrX,29974011,29974011
chr7,155191845,155191845
chrX,153099097,153099097
chr15,88843899,88843899
chr2,2177531,2177531
chr21,19639479,19639479
chrX,134305728,134305728
chr13,113800351,113800351
chr13,74899532,74899532
chr15,83300338,83300338
chr19,56849724,56849724
chrX,119137553,119137553
chr19,58469897,58469897
chrX,103346747,103346747
chr13,79328636,79328636
chr12,132896939,132896939
chr12,133183142,133183142
chrX,33229454,33229454
chr4,659281,659281
chr4,659281,659281
chr4,5238459,5238459
chr4,5238459,5238459
chrX,48395055,48395055
chr2,3833816,3833816
chr15,88752391,88752391
chr20,1205357,1205357
chr20,1205357,1205357
chr13,74825252,74825252
chr13,109147317,109147317
chr13,74512598,74512598
chrY,16942232,16942232
chr12,131945227,131945227
chrX,72664587,72664587
chr5,54406016,54406016
chr13,111719003,111719003
chr15,80938098,80938098
chr13,112575014,112575014
chr12,133193959,133193959
chr15,81823340,81823340
chr4,295862,295862
chr4,295862,295862
chr20,652263,652263
chr20,652263,652263
chrX,114058123,114058123
chr15,84612808,84612808
chr12,132152645,132152645
chr7,154705941,154705941
chr7,157485230,157485230
chr13,100649131,100649131
chr21,41515306,41515306
chr5,56773063,56773063
chr13,109270071,109270071
chr15,99186904,99186904
chr13,91444330,91444330
chrX,101112845,101112845
chrX,108717536,108717536
chrX,136135110,136135110
chrX,67915858,67915858
chr19,58223693,58223693
chrX,124332875,124332875
chr12,133121660,133121660
chrX,149009554,149009554
chr13,110832764,110832764
chr13,82245014,82245014
chr15,97319911,97319911
chr13,95410412,95410412
chr15,93704534,93704534
chr21,34755681,34755681
chr21,22175522,22175522
chr13,102067654,102067654
chrX,50212665,50212665
chr15,85361858,85361858
chr13,110885015,110885015
chrX,107514114,107514114
chr13,110802968,110802968
chr7,155970188,155970188
chr19,58459218,58459218
chr13,94288693,94288693
chrX,34965311,34965311
chr15,83952808,83952808
chr15,90578555,90578555
chr5,52598132,52598132
chr15,81840828,81840828
chrX,25030060,25030060
chr4,9371043,9371043
chr4,9371043,9371043
chr13,78495961,78495961
chrX,149396205,149396205
chr2,1418294,1418294
chr19,56007515,56007515
chr5,54409072,54409072
chr4,2860776,2860776
chr4,2860776,2860776
chr4,6695698,6695698
chr4,6695698,6695698
chr7,156868641,156868641
chr2,3889246,3889246
chr2,1093592,1093592
chr21,34396221,34396221
chrX,135863726,135863726
chr21,31799091,31799091
chr15,77876657,77876657
chr19,57274897,57274897
chrX,27765005,27765005
chr5,52749655,52749655
chr21,39437800,39437800
chr20,1471884,1471884
chr20,1471884,1471884
chr15,95889928,95889928
chr21,26735730,26735730
chr15,81734717,81734717
chr13,114304812,114304812
chr21,42222713,42222713
chr13,78410079,78410079
chr12,132893339,132893339
chr15,83241867,83241867
chrX,130217041,130217041
chr15,86685279,86685279
chrX,102000758,102000758
chr13,112705636,112705636
chrX,78002454,78002454
chrX,3030635,3030635
chr12,132696192,132696192
chr15,93959351,93959351
chr15,93956122,93956122
chrX,114422727,114422727
chr15,95305387,95305387
chr5,52536202,52536202
chrX,36975540,36975540
chr1,110741823,110741823
chrX,137794408,137794408
chr7,158945956,158945956
chrX,31889692,31889692
chr13,94822726,94822726
chr13,86268291,86268291
chrX,101804495,101804495
chr15,85886364,85886364
chrX,62979075,62979075
chr13,111090898,111090898
chr15,95869918,95869918
chrX,69269792,69269792
chrX,136508540,136508540
chrX,130210534,130210534
chr4,7651935,7651935
chr4,7651935,7651935
chr15,93616072,93616072
chr13,78234348,78234348
chr15,89634741,89634741
chr13,110961069,110961069
chr2,2189201,2189201
chr13,105758082,105758082
chr13,76957970,76957970
chr13,106971568,106971568
chr19,56393163,56393163
chr7,155584080,155584080
chr21,26732918,26732918
chr4,5028695,5028695
chr4,5028695,5028695
chr13,112176430,112176430
chr13,112885802,112885802
chr7,154704915,154704915
chr21,32716484,32716484
chr13,91855918,91855918
chr13,111981135,111981135
chr4,8271196,8271196
chr4,8271196,8271196
chr21,46128908,46128908
chrX,49083474,49083474
chrX,142122064,142122064
chrX,111874418,111874418
chrX,69282103,69282103
chrX,113873897,113873897
chr21,38085281,38085281
chr7,156815030,156815030
chr13,79161011,79161011
chrX,136652725,136652725
chr13,94493055,94493055
chrX,151286380,151286380
chr13,93943252,93943252
chrX,135850058,135850058
chr15,89921182,89921182
chrX,65825449,65825449
chrX,151562205,151562205
chr13,77030645,77030645
chr13,76016968,76016968
chrX,70387171,70387171
chr4,1556006,1556006
chr4,1556006,1556006
chr4,9534388,9534388
chr12,131996019,131996019
chrX,125295590,125295590
chr21,44104950,44104950
chr4,6030497,6030497
chr4,6030497,6030497
chrX,98999604,98999604
chr13,77511917,77511917
chrX,54526673,54526673
chr5,56894899,56894899
chr3,196377815,196377815
chr15,79932306,79932306
chr15,100879199,100879199
chr13,111100156,111100156
chr4,3664401,3664401
chr4,3664401,3664401
chr13,107904640,107904640
chr15,77314406,77314406
chr19,56250127,56250127
chrX,145077291,145077291
chrX,113627655,113627655
chr3,194752020,194752020
chr15,87455477,87455477
chr7,157180005,157180005
chr5,51339709,51339709
chrX,110335660,110335660
chr4,5135644,5135644
chr4,5135644,5135644
chr15,101912471,101912471
chr4,9917839,9917839
chr1,72302970,72302970
chr13,78467552,78467552
chr20,381142,381142
chr20,381142,381142
chr13,93472825,93472825
chrX,39958956,39958956
chrX,113818934,113818934
chr21,37258460,37258460
chr7,157481628,157481628
chr15,82555336,82555336
chr13,113104656,113104656
chrX,12597644,12597644
chr13,111077142,111077142
chrX,139173266,139173266
chrX,151810246,151810246
chr13,111100754,111100754
chr13,94422696,94422696
chr15,91639877,91639877
chr13,111097777,111097777
chr15,92431545,92431545
chrX,30264720,30264720
chrX,135632947,135632947
chr4,1398383,1398383
chr4,1398383,1398383
chr19,57046713,57046713
chrX,43518105,43518105
chr13,88078884,88078884
chr13,113030235,113030235
chr4,3691297,3691297
chr4,3691297,3691297
chr15,95821441,95821441
chr21,31661998,31661998
chr15,79505621,79505621
chr21,45705994,45705994
chr13,81432486,81432486
chr2,4051987,4051987
chr19,55815941,55815941
chr5,57484208,57484208
chr19,56220025,56220025
chr5,54428863,54428863
chrX,15877305,15877305
chr19,58450175,58450175
chrX,22291430,22291430
chr21,43300024,43300024
chr13,113765397,113765397
chr15,93814737,93814737
chr2,947515,947515
chrX,11679501,11679501
chr2,736154,736154
chr5,52786484,52786484
chr4,5991345,5991345
chr4,5991345,5991345
chr13,80623161,80623161
chr12,132870378,132870378
chrX,152691117,152691117
chrX,70148340,70148340
chr12,132929352,132929352
chrX,51149573,51149573
chrX,8699462,8699462
chr13,106116963,106116963
chrX,135570188,135570188
chrX,89176915,89176915
chrX,8698502,8698502
chrX,102602623,102602623
chr13,81537305,81537305
chr4,6110561,6110561
chr4,6110561,6110561
chr13,84456722,84456722
chr5,52699653,52699653
chrX,140269750,140269750
chr2,2771686,2771686
chrX,12604752,12604752
chrX,152228700,152228700
chr13,113689776,113689776
chrY,4868996,4868996
chr15,83773136,83773136
chrX,34677877,34677877
chr13,112617069,112617069
chr7,157486718,157486718
chr13,74713082,74713082
chrX,150343148,150343148
chrX,119709530,119709530
chr13,110802645,110802645
chrX,150912076,150912076
chrX,49643431,49643431
chr13,101196636,101196636
chrX,149395007,149395007
chrX,51142212,51142212
chr12,132142067,132142067
chr4,7186138,7186138
chr4,7186138,7186138
chr4,10145483,10145483
chr1,111414364,111414364
chr12,131766931,131766931
chrX,152162841,152162841
chrX,50216175,50216175
chr15,96890051,96890051
chrX,105451070,105451070
chr2,2692854,2692854
chr2,628881,628881
chr7,157260021,157260021
chrX,2997097,2997097
chr4,1542424,1542424
chr4,1542424,1542424
chrX,136115991,136115991
chr21,28216559,28216559
chrX,110398983,110398983
chr5,54131694,54131694
chrX,125300084,125300084
chr13,110781544,110781544
chrX,134971334,134971334
chr21,32622078,32622078
chr4,5056767,5056767
chr4,5056767,5056767
chr13,103978230,103978230
chr2,620106,620106
chrX,139584049,139584049
chr15,86742911,86742911
chrX,58562406,58562406
chr21,42064902,42064902
chr20,640192,640192
chr20,640192,640192
chr1,110005494,110005494
chr13,112515103,112515103
chr13,112607846,112607846
chr1,111006966,111006966
chrX,152689318,152689318
chrX,57024196,57024196
chr4,6384165,6384165
chr4,6384165,6384165
chr15,91768905,91768905
chr2,3064023,3064023
chr4,8589313,8589313
chr4,8589313,8589313
chr19,57307081,57307081
chrX,130206946,130206946
chr15,92934441,92934441
chr19,56348216,56348216
chr19,58580237,58580237
chrX,133792282,133792282
chr4,3769468,3769468
chr4,3769468,3769468
chrX,63446044,63446044
chr7,157346614,157346614
chr21,15199826,15199826
chr8,354520,354520
chrX,53028582,53028582
chr7,159022291,159022291
chr15,89147786,89147786
chrX,103813150,103813150
chrX,49460408,49460408
chrX,18240404,18240404
chr4,4864833,4864833
chr4,4864833,4864833
chr15,97739602,97739602
chr13,111774082,111774082
chrX,19100990,19100990
chr13,102182112,102182112
chr15,93584963,93584963
chr13,110515444,110515444
chr12,132951155,132951155
chr7,155249019,155249019
chr12,132192278,132192278
chr21,31315999,31315999
chrX,140335783,140335783
chrX,152677200,152677200
chr1,110735112,110735112
chrX,3632422,3632422
chr13,112728932,112728932
chrX,151306094,151306094
chr19,57629092,57629092
chr21,11061822,11061822
chr2,1484125,1484125
chr13,97720348,97720348
chr4,4232220,4232220
chr4,4232220,4232220
chrX,152159208,152159208
chr15,98982463,98982463
chr15,80635225,80635225
chrX,152927170,152927170
chr2,928870,928870
chr21,31797932,31797932
chr5,52721293,52721293
chr4,5775318,5775318
chr4,5775318,5775318
chr15,85956922,85956922
chrX,152402356,152402356
chrX,144902062,144902062
chr13,108039519,108039519
chr12,131787828,131787828
chr2,444632,444632
chrX,135385255,135385255
chr4,265139,265139
chr4,265139,265139
chr13,91830940,91830940
chr5,54206061,54206061
chrX,135229186,135229186
chr13,96744161,96744161
chr13,113649513,113649513
chr13,113030783,113030783
chr19,58486600,58486600
chrX,147279853,147279853
chrX,68979753,68979753
chr4,1563747,1563747
chr4,1563747,1563747
chr15,82206091,82206091
chrX,76709434,76709434
chr2,3281036,3281036
chrX,118205446,118205446
chr21,31710627,31710627
chrX,6453787,6453787
chrX,37606012,37606012
chr2,1270354,1270354
chr7,158793845,158793845
chr21,15071306,15071306
chr15,93973921,93973921
chrX,39949685,39949685
chr13,110977981,110977981
chr8,528473,528473
chr13,111138063,111138063
chr15,97328778,97328778
chrX,152220506,152220506
chr3,195632915,195632915
chr3,193589937,193589937
chr15,90013532,90013532
chr15,84651795,84651795
chr21,33958411,33958411
chrX,21856948,21856948
chr21,31767222,31767222
chrX,149527141,149527141
chr13,110432220,110432220
chrX,153171699,153171699
chrX,146366330,146366330
chr15,93587978,93587978
chrX,3227459,3227459
chr15,83617937,83617937
chr13,77957445,77957445
chr15,96904912,96904912
chrX,139590116,139590116
chr13,80563028,80563028
chr4,7187328,7187328
chr4,7187328,7187328
chr13,111977473,111977473
chr13,112993502,112993502
chrX,71352617,71352617
chr21,45810508,45810508
chr21,34396665,34396665
chrX,90689603,90689603
chrX,103494417,103494417
chr13,112181244,112181244
chr13,95401855,95401855
chr13,78428203,78428203
chrX,12155999,12155999
chrX,133756545,133756545
chr7,157845265,157845265
chr2,2893142,2893142
chrX,123350813,123350813
chrX,51150443,51150443
chr15,76630095,76630095
chr21,45773294,45773294
chr15,93892667,93892667
chr4,6196378,6196378
chr4,6196378,6196378
chr7,156157689,156157689
chr15,88795689,88795689
chrX,140926409,140926409
chr19,55798418,55798418
chr19,57702994,57702994
chrX,150342651,150342651
chrX,54387730,54387730
chr7,155895608,155895608
chr4,5129810,5129810
chr4,5129810,5129810
chr19,56711667,56711667
chr21,45246441,45246441
chrX,51071657,51071657
chr5,56790874,56790874
chrX,103815487,103815487
chr4,6664463,6664463
chr4,6664463,6664463
chr13,107853066,107853066
chr15,88119539,88119539
chr8,312269,312269
chr12,132172421,132172421
chrX,142117264,142117264
chr19,57669719,57669719
chr19,57303997,57303997
chrX,140991592,140991592
chr2,983636,983636
chrX,106515818,106515818
chr5,55465762,55465762
chr15,96346592,96346592
chrX,123467232,123467232
chrX,153946773,153946773
chr7,157347375,157347375
chr4,1407989,1407989
chr4,1407989,1407989
chr13,113029350,113029350
chrX,23347058,23347058
chrX,136115393,136115393
chr4,8687955,8687955
chr4,8687955,8687955
chrX,150905602,150905602
chrX,103354340,103354340
chr15,94022195,94022195
chr13,112819420,112819420
chr13,113257158,113257158
chrX,140980959,140980959
chr19,56346628,56346628
chr4,1631517,1631517
chr4,1631517,1631517
chrX,119443941,119443941
chr15,93139398,93139398
chrX,102775697,102775697
chr13,106143737,106143737
chr13,85937730,85937730
chrX,102508853,102508853
chr13,96708764,96708764
chr4,5886898,5886898
chr4,5886898,5886898
chr19,55832610,55832610
chrX,154252341,154252341
chr4,7646087,7646087
chr4,7646087,7646087
chr13,112554681,112554681
chrX,113864447,113864447
chr13,112985463,112985463
chr4,10019009,10019009
chr13,111978350,111978350
chr5,55385250,55385250
chr2,1689803,1689803
chr7,157849744,157849744
chr13,114057070,114057070
chrX,152801503,152801503
chr1,111213827,111213827
chr13,84024017,84024017
chrX,39767775,39767775
chr4,6473057,6473057
chr4,6473057,6473057
chr13,111819481,111819481
chrX,138285393,138285393
chr13,112894616,112894616
chrX,79278012,79278012
chr21,33957290,33957290
chrX,24336335,24336335
chr13,108237965,108237965
chr4,1505838,1505838
chr4,1505838,1505838
chrX,104174302,104174302
chr15,84146864,84146864
chr1,111177829,111177829
chr2,1667404,1667404
chrX,79279581,79279581
chr13,107512136,107512136
chr15,84322946,84322946
chr2,212285,212285
chr4,3485263,3485263
chr4,3485263,3485263
chrX,52847274,52847274
chrX,153071026,153071026
chr15,96423622,96423622
chr2,394572,394572
chr5,54525925,54525925
chr12,132149724,132149724
chr13,107467865,107467865
chr21,38068660,38068660
chr15,101514156,101514156
chr13,100148404,100148404
chr21,36577539,36577539
chr4,5748162,5748162
chr4,5748162,5748162
chr12,132689151,132689151
chr19,56572945,56572945
chr2,1204376,1204376
chr13,111090742,111090742
chr19,56369522,56369522
chrX,135849165,135849165
chr20,1601704,1601704
chr2,1804642,1804642
chrX,8769701,8769701
chr19,56696870,56696870
chr20,123613,123613
chr20,123613,123613
chr15,79381867,79381867
chr21,39051406,39051406
chr5,55412572,55412572
chr2,430929,430929
chr12,132979486,132979486
chr2,2581557,2581557
chrX,12990209,12990209
chr7,158775112,158775112
chr4,3447665,3447665
chr4,3447665,3447665
chr4,7046407,7046407
chr4,7046407,7046407
chr21,15135580,15135580
chr19,58556430,58556430
chr13,112815119,112815119
chrX,11773466,11773466
chr5,52558413,52558413
chr5,50686281,50686281
chrX,11774340,11774340
chr8,39441473,39441473
chr15,80215042,80215042
chr15,83241300,83241300
chr5,57878295,57878295
chr13,78034091,78034091
chr15,93249643,93249643
chrX,133115985,133115985
chr7,159026609,159026609
chr13,81746461,81746461
chrX,54300963,54300963
chrX,66788286,66788286
chr2,1425319,1425319
chr7,157320516,157320516
chr21,43835592,43835592
chr2,198618,198618
chr15,97316699,97316699
chr7,156434403,156434403
chrX,119151773,119151773
chr5,55032952,55032952
chrX,137821411,137821411
chr15,79500886,79500886
chrX,106516174,106516174
chr2,875990,875990
chr21,37255384,37255384
chrX,25028057,25028057
chr13,112555823,112555823
chr15,89911317,89911317
chr21,42440661,42440661
chr19,55868789,55868789
chr2,493514,493514
chr13,112690569,112690569
chrX,3236105,3236105
chr15,95870262,95870262
chr15,80997087,80997087
chr7,158783017,158783017
chr19,57147547,57147547
chr4,6770554,6770554
chr4,6770554,6770554
chrX,151902143,151902143
chr19,55875605,55875605
chr2,501496,501496
chr19,57686660,57686660
chr15,101253502,101253502
chrX,23348969,23348969
chr20,237300,237300
chr20,237300,237300
chr4,10113794,10113794
chr13,93896820,93896820
chr21,43201904,43201904
chrX,135730241,135730241
chr13,110951418,110951418
chr19,55821550,55821550
chr2,4152243,4152243
chrX,153770418,153770418
chr7,157478510,157478510
chr15,100533202,100533202
chr21,17442467,17442467
chrX,110654829,110654829
chr5,56784195,56784195
chr5,55966061,55966061
chrX,74146608,74146608
chr15,82393236,82393236
chrX,57312549,57312549
chr5,55092708,55092708
chr2,1822412,1822412
chrX,103035890,103035890
chr2,1906949,1906949
chrX,52001608,52001608
chr4,1202861,1202861
chr4,1202861,1202861
chr2,3826631,3826631
chr4,1791567,1791567
chr4,1791567,1791567
chr21,32928345,32928345
chr12,132665437,132665437
chrX,68348597,68348597
chrX,27481558,27481558
chrX,55245320,55245320
chr5,56679194,56679194
chr12,132330505,132330505
chrX,2886295,2886295
chr4,6568049,6568049
chr4,6568049,6568049
chr15,84513792,84513792
chrX,12156437,12156437
chr21,32927013,32927013
chr5,50265767,50265767
chr13,112054947,112054947
chrX,140786627,140786627
chr4,1107495,1107495
chr4,1107495,1107495
chrX,8769528,8769528
chr5,57184384,57184384
chr13,112547999,112548065
chr13,112712635,112712795
chr4,1399938,1400189
chr4,1399938,1400189
chrX,153072605,153072706
chr15,83789735,83790129
chrX,2715017,2715058
chr3,194078147,194078242
chr13,110434467,110434682
chrX,104463622,104464033
chr21,36419478,36419648
chr21,34400072,34400211
chr21,40145361,40145404
chr13,112187343,112187396
chr13,95357042,95357223
chrX,82763239,82763247
chrX,37001209,37001669
chrX,107681397,107681469
chr21,44496378,44496743
chrX,153523851,153523873
chr13,78493282,78493294
chr21,31869431,31869491
chr7,157659434,157659455
chr20,1539641,1539702
chr20,1539641,1539702
chrX,118407645,118407852
chrX,105065721,105065796
chrX,53118015,53118080
chr7,157777033,157777149
chr21,31720835,31721029
chrX,55021561,55021626
chrX,102809791,102809882
chr21,29910411,29910762
chrX,100546064,100546291
chr4,5893789,5893789
chr4,5893789,5893789
chr13,112714024,112714024
chrX,73022045,73022045
chrX,73163626,73163626
chr13,112980676,112980676
chr13,107142673,107142673
chrX,109698667,109698667
chr12,131975791,131975791
chr1,111412880,111412880
chrX,135852617,135852617
chr13,78275055,78275055
chr7,155247711,155247711
chr5,57786449,57786449
chr15,80500594,80500594
chr13,112292610,112292610
chr5,54319373,54319373
chr13,83795968,83795968
chrX,32830005,32830005
chr12,132851518,132851518
chr7,156832367,156832367
chr15,93121689,93121689
chr13,100640914,100640914
chrX,136628604,136628604
chr1,111927153,111927153
chr15,78114888,78114888
chr13,112144769,112144769
chr19,56058710,56058710
chr13,110838187,110838187
chrX,69454387,69454387
chrX,120069108,120069108
chr15,93128777,93128777
chr1,112042332,112042332
chr21,26803075,26803075
chr13,112870385,112870385
chr19,56342665,56342665
chr13,109777891,109777891
chr2,2569880,2569880
chr4,4229810,4229810
chr4,4229810,4229810
chrX,118213543,118213543
chr20,1283388,1283388
chr20,1283388,1283388
chr4,7646859,7646859
chr4,7646859,7646859
chrX,7529982,7529982
chr4,8389808,8389808
chr4,8389808,8389808
chr13,75736246,75736246
chr3,193561005,193561005
chrX,6055110,6055110
chr4,6116698,6116698
chr4,6116698,6116698
chr15,81408453,81408453
chrX,82764385,82764385
chr15,77320787,77320787
chr7,157291868,157291868
chr4,298681,298681
chr4,298681,298681
chr15,93615146,93615146
chr4,8327406,8327406
chr4,8327406,8327406
chr15,93122918,93123126
chr15,99978986,99979059
chr21,42798594,42798747
chr4,3873884,3874006
chr4,3873884,3874006
chr7,155244101,155244149
chr4,5021203,5021236
chr4,5021203,5021236
chrX,136511135,136511413
chr20,1600641,1600705
chr15,96886238,96886397
chr15,89110025,89110499
chr21,42557616,42557641
chrX,71350942,71351314
chr13,100644473,100644507
chr13,100583767,100583847
chr13,107568814,107568872
chrX,101967081,101967085
chr7,154862157,154862441
chr4,1049782,1049922
chr4,1049782,1049922
chr13,95357832,95358092
chr1,111415781,111416181
chr4,3265280,3265763
chr4,3265280,3265763
chr21,45845112,45845341
chr13,79168370,79168573
chr4,905805,905918
chr4,905805,905918
chrX,136649489,136649808
chr13,112786612,112786727
chr13,112572450,112572559
chrX,103811930,103812042
chr2,629016,629022
chr7,155193226,155193250
chr21,31970928,31970997
chr4,4587217,4587217
chr4,4587217,4587217
chr21,34441330,34441330
chr13,112747087,112747087
chr13,97909916,97909916
chrX,13835568,13835568
chrX,152760493,152760493
chr5,50683614,50683614
chr21,31663266,31663266
chr19,57665723,57665723
chr13,112908450,112908450
chr15,79580198,79580198
chrX,102562302,102562302
chrX,75006266,75006266
chr15,97321851,97321851
chrX,47760424,47760424
chrX,136512132,136512132
chrX,153090536,153090536
chrX,55100096,55100096
chrX,66793272,66793272
chr19,56499348,56499348
chr15,88320395,88320395
chr5,49737178,49737182
chrX,79270180,79270225
chr13,110431612,110431691
chr12,132892417,132892613
chr12,133178249,133178316
chr21,34401201,34401634
chr19,56159817,56160065
chr4,4873263,4873442
chr4,4873263,4873442
chr15,89150842,89151201
chrX,99667214,99667223
chrX,25034625,25034688
chrX,147581919,147581936
chr15,93014416,93014435
chr15,91500814,91500893
chr15,96911165,96911531
chrX,103811315,103811660
chrX,138285540,138285828
chr2,365232,365531
chr1,111098247,111098273
chr1,111149153,111149307
chr13,79175210,79175611
chrX,134165954,134166009
chr4,8046547,8046793
chr4,8046547,8046793
chrX,75004943,75005028
chrX,47481995,47481995
chrX,153234476,153234476
chr2,2770105,2770105
chrX,5808230,5808230
chrX,78200041,78200041
chr15,92972514,92972514
chr13,79177195,79177467
chr4,7987330,7987530
chr4,7987330,7987530
chr13,75149963,75149963
chr12,132338736,132338736
chrX,107682766,107682766
chr13,74779339,74779339
chr15,96866073,96866073
chr13,112692119,112692119
chr13,95355869,95355869
chr5,54183619,54183619
chrX,22136551,22136551
chr13,100649800,100649800
chr19,56443824,56443824
chr3,193462506,193462506
chr3,194091192,194091192
chr4,4405844,4405844
chr4,4405844,4405844
chr4,8588870,8588870
chr4,8588870,8588870
chr2,2193511,2193511
chr15,91427605,91427605
chr5,52780901,52780901
chrX,149009913,149009913
chr21,46074616,46074616
chr7,157578631,157578631
chr4,6037687,6037687
chr4,6037687,6037687
chrX,23017980,23017980
chrX,150343712,150343712
chr2,3066520,3066520
chrX,129306129,129306129
chr13,113094247,113094247
chrX,107980358,107980358
chr15,89147360,89147360
chr21,34350407,34350407
chr21,14982350,14982350
chr4,302097,302097
chr4,302097,302097
chr5,53075687,53075687
chrX,150863969,150863969
chrX,136644065,136644065
chrX,119148071,119148071
chr12,131981225,131981225
chr15,92398112,92398112
chrX,108865686,108865686
chr21,35133653,35133653
chr4,8592328,8592328
chr4,8592328,8592328
chr15,81410853,81410853
chr4,942342,942342
chr4,942342,942342
chr13,100499713,100499713
chrX,105279680,105279680
chrX,26210302,26210302
chr2,1926535,1926535
chr15,81456832,81456832
chrX,151374946,151374946
chr4,106525,106525
chr4,106525,106525
chrX,39475737,39475737
chr21,36420164,36420164
chr2,1690740,1690740
chr7,155301734,155301734
chrX,70839284,70839284
chr12,132129001,132129001
chr4,2321957,2321957
chr4,2321957,2321957
chr21,29384327,29384327
chr21,27010696,27010696
chr13,95555104,95555104
chrX,70886827,70886827
chr5,55479377,55479377
chrX,119604500,119604500
chr19,57683164,57683164
chr21,15197291,15197291
chrX,103345622,103345622
chr13,95411394,95411394
chr13,100069110,100069110
chrX,114794648,114794648
chr21,31802829,31802829
chr15,96198806,96198806
chr15,93610780,93610780
chr7,157548939,157548939
chr13,74487535,74487535
chrX,102319340,102319340
chr13,112236854,112236854
chrX,140997122,140997122
chr13,111972886,111972886
chr4,5892965,5892965
chr4,5892965,5892965
chr4,2748026,2748026
chr4,2748026,2748026
chrX,39719657,39719657
chr13,95116571,95116571
chr15,79094603,79094603
chr2,434332,434332
chrX,125301098,125301098
chrX,2748039,2748039
chr15,95870409,95870409
chrX,7528959,7528959
chrX,129628872,129628872
chr15,82313720,82313720
chr4,471390,471390
chr4,471390,471390
chrX,115009194,115009194
chr19,56017564,56017564
chr19,57379813,57379813
chr12,132837524,132837679
chr21,45140424,45140831
chr4,2813724,2814064
chr4,2813724,2814064
chr4,4144710,4144783
chr4,4144710,4144783
chr13,77502558,77502805
chrX,100914838,100914848
chr15,99670731,99670731
chr19,51644625,51644625
chrX,103294320,103294320
chr7,157259285,157259285
chrX,54824559,54824559
chr13,84406289,84406289
chr15,89958550,89958550
chr13,78108374,78108374
chr21,31964676,31964676
chr5,52657514,52657514
chr15,96904404,96904404
chr15,93595923,93595923
chrX,152785722,152785722
chrX,118105739,118105739
chrX,130207287,130207287
chrX,144903661,144903661
chrX,103213786,103213786
chr3,197686510,197686510
chr7,155920287,155920287
chr13,100624855,100624855
chrX,151283154,151283154
chr21,35828503,35828503
chrX,49295370,49295370
chrX,95592962,95592962
chr4,8299814,8299814
chr4,8299814,8299814
chr5,57232025,57232025
chr7,157406096,157406096
chrX,103294452,103294452
chr7,156025802,156025802
chrX,39714465,39714465
chr19,56951840,56951840
chr2,1879380,1879380
chr13,101283034,101283034
chr15,79357037,79357037
chr7,154863381,154863381
chrX,102348005,102348005
chr2,4048824,4048824
chr4,3783460,3783460
chr4,3783460,3783460
chr3,196253611,196253611
chr5,52674472,52674472
chr13,111137257,111137257
chr21,31864143,31864143
chr15,92407388,92407388
chrX,134156561,134156561
chrX,44202777,44202777
chr21,19258310,19258310
chrX,153152165,153152165
chrX,103294786,103294786
chrX,64626582,64626582
chr15,82374456,82374456
chr2,1938415,1938415
chr2,778688,778688
chr5,50674203,50674203
chr15,98711013,98711013
chr13,98527743,98527743
chr4,125504,125504
chr4,125504,125504
chr13,77387018,77387018
chr15,99559956,99559956
chrX,69283055,69283055
chr21,45683302,45683302
chr15,96902800,96902800
chr2,857746,857746
chr15,82217218,82217218
chrX,144327920,144327920
chr13,78493958,78493958
chr13,99148667,99148667
chr13,111745172,111745172
chr13,112837467,112837467
chr15,99195143,99195143
chr21,45678137,45678137
chr1,110983728,110983728
chr1,110024289,110024289
chr4,1202930,1202930
chr4,1202930,1202930
chrX,128631361,128631361
chr15,93127379,93127379
chr2,392642,392642
chr2,495143,495143
chr4,3651233,3651233
chr4,3651233,3651233
chr13,112512462,112512462
chr13,113049747,113049747
chrX,19443222,19443222
chr7,157535296,157535296
chr13,114024480,114024480
chrX,63263531,63263531
chr15,89525620,89525620
chrX,30259354,30259354
chrX,51425528,51425528
chr2,618335,618335
chr4,3265080,3265080
chr4,3265080,3265080
chr13,98082992,98082992
chrX,139791651,139791651
chrX,137951089,137951089
chrX,63616811,63616811
chr7,158575756,158575934
chr1,110672912,110673082
chrX,139866657,139866657
chr4,7939940,7939940
chr4,7939940,7939940
chr15,88296044,88296044
chr4,8372758,8372758
chr4,8372758,8372758
chrX,18707777,18707777
chrX,123465263,123465263
chr4,204382,204382
chr4,204382,204382
chrX,78200921,78200921
chrX,153561283,153561283
chrX,150254157,150254157
chr15,89943625,89943625
chrX,75005102,75005102
chr12,132839436,132839436
chr21,40036490,40036490
chr13,78628464,78628464
chr4,5637894,5637894
chr4,5637894,5637894
chr13,112996967,112996967
chr4,3690945,3690945
chr4,3690945,3690945
chrX,150158593,150158593
chr21,34145549,34145549
chr13,76723380,76723380
chr13,99965936,99965936
chr15,94019180,94019180
chr12,133060217,133060217
chrX,103291721,103291721
chr21,32007639,32007639
chrX,43739887,43739887
chr13,112507773,112507773
chrX,71263427,71263427
chr15,97326567,97326567
chrX,49639720,49639720
chr19,57157114,57157114
chrX,21762904,21762904
chr13,114322874,114322874
chrX,55057838,55057838
chr13,112053714,112053714
chr12,131831956,131831956
chr4,1556595,1556595
chr4,1556595,1556595
chrX,103264980,103264980
chr12,133056941,133056941
chrX,5824743,5824743
chrX,130222888,130222888
chrX,149014061,149014061
chr13,110425835,110425835
chrX,48694012,48694012
chrX,138771271,138771271
chr13,77298665,77298665
chr4,6007279,6007279
chr4,6007279,6007279
chr4,6223581,6223581
chr4,6223581,6223581
chr19,57633694,57633694
chr7,154877217,154877217
chr13,113105962,113105962
chrX,70887583,70887583
chr21,29391771,29391771
chr15,96797664,96797664
chr15,93601497,93601497
chr15,79143574,79143574
chr4,3047190,3047190
chr4,3047190,3047190
chrX,82763706,82763706
chr5,50673588,50673588
chr5,52586721,52586721
chrX,41307114,41307114
chr7,157477846,157477846
chr3,197836971,197836971
chr4,788826,788826
chr4,788826,788826
chrX,151287089,151287089
chr15,96838120,96838120
chr2,925929,925929
chr21,42213698,42213698
chr12,132916034,132916034
chrX,77912605,77912605
chr19,58478689,58478689
chr4,7532607,7532607
chr4,7532607,7532607
chr4,1158069,1158069
chr4,1158069,1158069
chr15,93588328,93588328
chrX,153213140,153213140
chr4,4763753,4763753
chr4,4763753,4763753
chr13,112718952,112718952
chr5,54283267,54283267
chr2,1691184,1691184
chrX,136114890,136114890
chrX,48217075,48217075
chr4,124342,124342
chr4,124342,124342
chr2,1050113,1050113
chr13,100376969,100376969
chr4,571120,571120
chr4,571120,571120
chr15,95334933,95334933
chrX,67914130,67914130
chr13,112517408,112517408
chr5,56629471,56629471
chr13,100630316,100630316
chrX,45022008,45022008
chr13,112559707,112559707
chrX,152081948,152081948
chr15,89312795,89312795
chr2,585365,585365
chr15,89954659,89954659
chrX,149537921,149537921
chr7,157499673,157499673
chrX,133679994,133679994
chr4,3795063,3795063
chr4,3795063,3795063
chr15,80716846,80716846
chr15,77861673,77861673
chrX,151900081,151900081
chrX,82766491,82766491
chr2,906167,906167
chr4,995849,995849
chr4,995849,995849
chr13,84485659,84485659
chr21,34392851,34392851
chr15,96537958,96537958
chrX,111325495,111325495
chr2,906675,906675
chrX,151883293,151883293
chrY,16635745,16635745
chr21,11109021,11109021
chr13,95360542,95360542
chrX,120183585,120183585
chr13,78168218,78168218
chr15,86336631,86336631
chr12,132980289,132980289
chr21,46126104,46126104
chr13,108487481,108487481
chr15,100886002,100886002
chrX,31087348,31087348
chr15,88576884,88576884
chr21,46352817,46352817
chr4,330651,330651
chr4,330651,330651
chr4,1032855,1032855
chr4,1032855,1032855
chr5,54448226,54448226
chrX,119382181,119382181
chr15,99288216,99288216
chrX,46437318,46437318
chrX,119863043,119863043
chr21,33452584,33452584
chrX,100804036,100804036
chr21,44816571,44816571
chrX,48165742,48165742
chr7,155326356,155326356
chr2,1940991,1940991
chr15,81073931,81073931
chr12,133181600,133181600
chr15,83348985,83348985
chrX,23797324,23797324
chr3,193964970,193964970
chr2,795478,795478
chr15,98937852,98937852
chr12,131919784,131919784
chr13,76344333,76344333
chrX,68350862,68350862
chrX,48687187,48687187
chr13,101766940,101766940
chr5,50695720,50695720
chr13,112903337,112903337
chr2,2650283,2650283
chr4,6072199,6072199
chr4,6072199,6072199
chr4,4873966,4873966
chr4,4873966,4873966
chr5,57878188,57878188
chr15,83951663,83951663
chr1,110976749,110976749
chrX,139006615,139006615
chr2,1544120,1544120
chrX,51153528,51153528
chrX,129253297,129253297
chr13,107354396,107354396
chr7,157933784,157933784
chr13,78493878,78493878
chr15,101887154,101887154
chr15,92941926,92941926
chr7,157644160,157644160
chr4,1397664,1397664
chr4,1397664,1397664
chr4,3873418,3873418
chr4,3873418,3873418
chr2,662602,662602
chr21,38075118,38075118
chr7,154698758,154698758
chrX,107172238,107172238
chr12,132356988,132356988
chr4,1504989,1504989
chr4,1504989,1504989
chr15,88521695,88521695
chr4,121568,121568
chr4,121568,121568
chr4,4385026,4385026
chr4,4385026,4385026
chrX,134929678,134929678
chr15,87807847,87807847
chr8,436693,436693
chr7,157616612,157616612
chrX,109763406,109763406
chrX,74148762,74148762
chrX,30323054,30323054
chr4,1202509,1202509
chr4,1202509,1202509
chrX,120122866,120122866
chr13,94427838,94427838
chr15,84320596,84320596
chrX,24666268,24666268
chr2,365090,365090
chrX,52009105,52009105
chrX,152400185,152400185
chr15,89386800,89386800
chrX,153240299,153240299
chrX,69397117,69397117
chr15,83515335,83515335
chr15,79090958,79090958
chr13,111152708,111152708
chr21,43237089,43237089
chr15,89942691,89942691
chrX,34962966,34962966
chr7,157296159,157296159
chr12,132661355,132661355
chr7,158859224,158859224
chr20,819058,819058
chr20,819058,819058
chr4,5458553,5458553
chr4,5458553,5458553
chrX,52685426,52685426
chrX,107182922,107182922
chr21,45344576,45344576
chr21,19616939,19616939
chr21,17441953,17441953
chr15,79574893,79574893
chr1,110523689,110523689
chrX,53031398,53031398
chr2,1203839,1203839
chrX,37029564,37029564
chr15,86686938,86686938
chr20,1377284,1377284
chr20,1377284,1377284
chr4,5896960,5896960
chr4,5896960,5896960
chr4,7394790,7394790
chr4,7394790,7394790
chr2,1478219,1478219
chr19,57375307,57375307
chrX,9320981,9320981
chrX,148550982,148550982
chr2,288785,288785
chr7,155970597,155970597
chr12,132963993,132963993
chr15,94427008,94427008
chr15,83954150,83954150
chr13,112288825,112288825
chr8,258777,258777
chr4,5570715,5570715
chr4,5570715,5570715
chr15,83383066,83383066
chr13,95623675,95623675
chrX,103498075,103498075
chr13,77283725,77283725
chr4,5624405,5624405
chr4,5624405,5624405
chr19,55874335,55874335
chr7,155252201,155252201
chr21,10888524,10888524
chr7,157514730,157514730
chr19,58545290,58545290
chrX,105066049,105066049
chr15,91427884,91427884
chr15,84323770,84323770
chr21,40034771,40034771
chr4,6251264,6251264
chr4,6251264,6251264
chrX,51148629,51148629
chr13,112908629,112908629
chr4,1050996,1050996
chr4,1050996,1050996
chr13,112620260,112620260
chr15,77289047,77289047
chr2,394333,394333
chrX,70836822,70836822
chr13,113301782,113301782
chr15,84048308,84048308
chrX,69396399,69396399
chrX,152062988,152062988
chr15,95870450,95870450
chr7,155261387,155261387
chr7,159025011,159025011
chr13,111644279,111644279
chrX,71363972,71363972
chr2,580802,580802
chrX,6451812,6451812
chr4,8601549,8601549
chr4,8601549,8601549
chr15,89149030,89149030
chr4,1508098,1508098
chr4,1508098,1508098
chr7,157292018,157292018
chr15,77933785,77933785
chrX,66763009,66763009
chr15,97320595,97320595
chr19,56511149,56511149
chr19,58446787,58446787
chr3,195241250,195241250
chr19,57175043,57175043
chrX,149736453,149736453
chr13,95132211,95132211
chr2,2188203,2188203
chr19,58552671,58552671
chr13,107314819,107314819
chr13,112191215,112191215
chrX,53112501,53112501
chr13,77091333,77091333
chr13,73636077,73636077
chrX,16607638,16607638
chr7,157261603,157261603
chrX,78003205,78003205
chr4,3563357,3563357
chr4,3563357,3563357
chr15,100347480,100347480
chr21,31914550,31914550
chrX,107799664,107799664
chr13,76444823,76444823
chr7,157691684,157691684
chrX,38117997,38117997
chrX,54387220,54387220
chrX,41582245,41582245
chrX,12158396,12158396
chr15,96383200,96383200
chr7,158789849,158789849
chr13,112352250,112352250
chr15,82182880,82182880
chrX,134142153,134142153
chrX,138664151,138664151
chr7,158819822,158819822
chr4,4763372,4763372
chr4,4763372,4763372
chrX,135863582,135863582
chrX,65042288,65042288
chr13,79756418,79756418
chrX,58560562,58560562
chrX,69480213,69480213
chr13,88328471,88328471
chr4,1496880,1496880
chr4,1496880,1496880
chr19,57745763,57745763
chrX,12996565,12996565
chr15,78632572,78632572
chr4,6114572,6114572
chr4,6114572,6114572
chr5,54058686,54058686
chr12,132856142,132856142
chr4,4869091,4869091
chr4,4869091,4869091
chrX,52005413,52005413
chr13,114321514,114321514
chr13,103054118,103054118
chr21,31811175,31811175
chr3,197807355,197807355
chrX,134166133,134166133
chr7,157669880,157669880
chr13,103047760,103047760
chrX,125715487,125715487
chr20,591151,591151
chr20,591151,591151
chr21,39289065,39289065
chrX,84497869,84497869
chrX,34150583,34150583
chrX,68524259,68524259
chr13,112574288,112574288
chrX,54521732,54521732
chr19,57702652,57702652
chrX,12884470,12884470
chr4,4389668,4389668
chr4,4389668,4389668
chr21,45845495,45845495
chr2,944690,944690
chr12,132312875,132312875
chrX,68001739,68001739
chr7,155195088,155195088
chr15,95287886,95287886
chr19,55898727,55898727
chr13,107869769,107869769
chr13,106263004,106263004
chr15,80770633,80770633
chr5,54467378,54467378
chr4,5928072,5928072
chr4,5928072,5928072
chrX,67903751,67903751
chrX,137789932,137789932
chr7,157468082,157468082
chr21,31859610,31859610
chrX,50028082,50028082
chr13,101086489,101086489
chr4,3768458,3768458
chr4,3768458,3768458
chr2,1497868,1497868
chr13,79307625,79307625
chr1,110179127,110179127
chr4,6235560,6235560
chr4,6235560,6235560
chrX,152913595,152913595
chr19,57751691,57751691
chr3,195995846,195995846
chrY,4868397,4868397
chr21,15092941,15092941
chr19,58010513,58010513
chr13,112720565,112720565
chr13,112211299,112211299
chrX,118208915,118208915
chr13,111409394,111409394
chr15,99048945,99048945
chr2,3828566,3828566
chr7,158826888,158826888
chr21,38937316,38937316
chr15,83298692,83298692
chrX,84189578,84189578
chr13,78236645,78236645
chr15,77927305,77927305
chr15,77929666,77929666
chr5,57881537,57881537
chr3,194406190,194406190
chr2,2176774,2176774
chr19,56705497,56705497
chr12,132862057,132862057
chr13,99408201,99408201
chrX,139791021,139791021
chrX,36684037,36684037
chr7,157320135,157320135
chrX,100334897,100334897
chr4,1512248,1512248
chr4,1512248,1512248
chr13,110874267,110874267
chr7,158754523,158754523
chrX,109936239,109936239
chr15,80264770,80264770
chr15,86632956,86632956
chrX,102632072,102632072
chrX,146364725,146364725
chrX,3229472,3229472
chrX,102000905,102000905
chr1,110088541,110088541
chrX,130191821,130191821
chr19,57649797,57649797
chr13,94176949,94176949
chr15,97081353,97081353
chr19,57701430,57701430
chrX,100670855,100670855
chrX,11284932,11284932
chr19,58096559,58096559
chr15,82242305,82242305
chrX,99195948,99195948
chr7,158923808,158923808
chr15,79576060,79576060
chr15,97131047,97131047
chrX,13591311,13591311
chrX,7811760,7811760
chr13,109444752,109444752
chrX,136630705,136630705
chr2,817595,817595
chrX,129657974,129657974
chrX,63446644,63446644
chrX,44701980,44701980
chrX,103267926,103267926
chr15,99344807,99344807
chr4,4870486,4870486
chr4,4870486,4870486
chr13,111062247,111062247
chrX,106143406,106143406
chrX,19137976,19137976
chrX,100642128,100642128
chr13,111474347,111474347
chr3,195812701,195812701
chrX,100333950,100333950
chr5,54128677,54128677
chr4,299311,299311
chr4,299311,299311
chrY,21239332,21239332
chr4,1203168,1203168
chr4,1203168,1203168
chrX,150345616,150345616
chr2,3748379,3748379
chrX,75005087,75005087
chr7,157095237,157095237
chr4,996052,996052
chr4,996052,996052
chrX,152779629,152779629
chr4,3180930,3180930
chr4,3180930,3180930
chr13,100627956,100627956
chr12,131849082,131849082
chr15,93616588,93616588
chr13,104003206,104003206
chr13,84452994,84452994
chr4,8359269,8359269
chr4,8359269,8359269
chr2,3836516,3836516
chrX,71497424,71497424
chr12,133052221,133052221
chr13,103719706,103719706
chr13,102072766,102072766
chr7,158947138,158947138
chr13,79161619,79161619
chr2,3832511,3832511
chr7,155900756,155900756
chr13,108867154,108867154
chr4,8271319,8271319
chr4,8271319,8271319
chr2,3012844,3012844
chr13,113774379,113774379
chr15,79526621,79526621
chr21,46327720,46327720
chrX,51453843,51453843
chrX,150861833,150861833
chr13,99127090,99127090
chrX,73025554,73025554
chrX,50027319,50027319
chr7,157529444,157529444
chr7,156872034,156872034
chr6,235035,235035
chr7,155915472,155915472
chrX,68724047,68724047
chr4,5976063,5976063
chr4,5976063,5976063
chr7,157605684,157605684
chr19,58516100,58516100
chr13,112721789,112721789
chr2,980050,980050
chrX,128660622,128660622
chr13,112336027,112336027
chr13,100092081,100092081
chr2,97530602,97530602
chr19,55798650,55798650
chr4,8022191,8022191
chr4,8022191,8022191
chr13,112729515,112729515
chr7,157405965,157405965
chr13,113313905,113313905
chr4,8081417,8081417
chr4,8081417,8081417
chr1,111851998,111851998
chrX,152909097,152909097
chr21,31654005,31654005
chr13,88464367,88464367
chr13,95131809,95131809
chr3,193840181,193840181
chr2,2585096,2585096
chr4,7710280,7710280
chr4,7710280,7710280
chr13,112624791,112624791
chr6,186671,186671
chrX,82762347,82762347
chr4,6034828,6034828
chr4,6034828,6034828
chr7,157260817,157260817
chrX,9001881,9001881
chr21,32128696,32128696
chr13,111773936,111773936
chr7,155794827,155794827
chrX,152590495,152590495
chr15,88360194,88360194
chrX,30252456,30252456
chr13,79177700,79177700
chr13,112904570,112904570
chr21,34543584,34543584
chr21,41238940,41238940
chr21,32253206,32253206
chr13,94792894,94792894
chr21,45846360,45846360
chrX,21670281,21670281
chr12,132972609,132972609
chr12,132921229,132921229
chrX,55249036,55249036
chr4,2307998,2307998
chr4,2307998,2307998
chr4,6717287,6717287
chr4,6717287,6717287
chr12,132928795,132928795
chr5,50677808,50677808
chr15,83926030,83926030
chr2,2012074,2012074
chr20,1514929,1514929
chr20,1514929,1514929
chr13,95363371,95363371
chr4,4335184,4335184
chr4,4335184,4335184
chr2,1482385,1482385
chr2,3826980,3826980
chr4,6199338,6199338
chr4,6199338,6199338
chrX,68833308,68833308
chr15,100516611,100516611
chr3,194117261,194117261
chrX,79686882,79686882
chr15,93361889,93361889
chrY,3446859,3446859
chrX,139593505,139593505
chrX,129338226,129338226
chr15,101386265,101386265
chr7,157306340,157306340
chrX,117106802,117106802
chrX,114469591,114469591
chr4,205522,205522
chr4,205522,205522
chrX,151903194,151903194
chr15,95400067,95400067
chr19,57875295,57875295